Video,Config,Frame_Index,MSE
01_ideal_motion.mp4,V6 Dynamic Boxing,0,0.0000
01_ideal_motion.mp4,V6 Dynamic Boxing,1,0.3150
01_ideal_motion.mp4,V6 Dynamic Boxing,2,0.0940
01_ideal_motion.mp4,V6 Dynamic Boxing,3,0.3238
01_ideal_motion.mp4,V6 Dynamic Boxing,4,0.0952
01_ideal_motion.mp4,V6 Dynamic Boxing,5,0.3160
01_ideal_motion.mp4,V6 Dynamic Boxing,6,0.1146
01_ideal_motion.mp4,V6 Dynamic Boxing,7,0.3581
01_ideal_motion.mp4,V6 Dynamic Boxing,8,0.1670
01_ideal_motion.mp4,V6 Dynamic Boxing,9,0.3508
01_ideal_motion.mp4,V6 Dynamic Boxing,10,0.1718
01_ideal_motion.mp4,V6 Dynamic Boxing,11,0.3464
01_ideal_motion.mp4,V6 Dynamic Boxing,12,0.1815
01_ideal_motion.mp4,V6 Dynamic Boxing,13,0.3771
01_ideal_motion.mp4,V6 Dynamic Boxing,14,0.6212
01_ideal_motion.mp4,V6 Dynamic Boxing,15,0.8781
01_ideal_motion.mp4,V6 Dynamic Boxing,16,0.7173
01_ideal_motion.mp4,V6 Dynamic Boxing,17,1.1941
01_ideal_motion.mp4,V6 Dynamic Boxing,18,1.1389
01_ideal_motion.mp4,V6 Dynamic Boxing,19,1.2583
01_ideal_motion.mp4,V6 Dynamic Boxing,20,8.0881
01_ideal_motion.mp4,V6 Dynamic Boxing,21,17.7974
01_ideal_motion.mp4,V6 Dynamic Boxing,22,17.6592
01_ideal_motion.mp4,V6 Dynamic Boxing,23,23.9995
01_ideal_motion.mp4,V6 Dynamic Boxing,24,34.5195
01_ideal_motion.mp4,V6 Dynamic Boxing,25,34.7438
01_ideal_motion.mp4,V6 Dynamic Boxing,26,40.9953
01_ideal_motion.mp4,V6 Dynamic Boxing,27,51.3662
01_ideal_motion.mp4,V6 Dynamic Boxing,28,51.0493
01_ideal_motion.mp4,V6 Dynamic Boxing,29,51.3241
01_ideal_motion.mp4,V6 Dynamic Boxing,30,67.2296
01_ideal_motion.mp4,V6 Dynamic Boxing,31,67.1489
01_ideal_motion.mp4,V6 Dynamic Boxing,32,67.2384
01_ideal_motion.mp4,V6 Dynamic Boxing,33,77.9243
01_ideal_motion.mp4,V6 Dynamic Boxing,34,82.8727
01_ideal_motion.mp4,V6 Dynamic Boxing,35,82.8506
01_ideal_motion.mp4,V6 Dynamic Boxing,36,89.5027
01_ideal_motion.mp4,V6 Dynamic Boxing,37,99.4007
01_ideal_motion.mp4,V6 Dynamic Boxing,38,99.4450
01_ideal_motion.mp4,V6 Dynamic Boxing,39,105.2418
01_ideal_motion.mp4,V6 Dynamic Boxing,40,115.0777
01_ideal_motion.mp4,V6 Dynamic Boxing,41,115.2837
01_ideal_motion.mp4,V6 Dynamic Boxing,42,121.3397
01_ideal_motion.mp4,V6 Dynamic Boxing,43,131.6441
01_ideal_motion.mp4,V6 Dynamic Boxing,44,131.3712
01_ideal_motion.mp4,V6 Dynamic Boxing,45,131.6264
01_ideal_motion.mp4,V6 Dynamic Boxing,46,147.8257
01_ideal_motion.mp4,V6 Dynamic Boxing,47,147.8338
01_ideal_motion.mp4,V6 Dynamic Boxing,48,148.6327
01_ideal_motion.mp4,V6 Dynamic Boxing,49,160.0997
01_ideal_motion.mp4,V6 Dynamic Boxing,50,164.8347
01_ideal_motion.mp4,V6 Dynamic Boxing,51,164.9720
01_ideal_motion.mp4,V6 Dynamic Boxing,52,171.3954
01_ideal_motion.mp4,V6 Dynamic Boxing,53,181.2828
01_ideal_motion.mp4,V6 Dynamic Boxing,54,181.1186
01_ideal_motion.mp4,V6 Dynamic Boxing,55,187.5584
01_ideal_motion.mp4,V6 Dynamic Boxing,56,197.3664
01_ideal_motion.mp4,V6 Dynamic Boxing,57,197.5860
01_ideal_motion.mp4,V6 Dynamic Boxing,58,203.8732
01_ideal_motion.mp4,V6 Dynamic Boxing,59,214.2094
01_ideal_motion.mp4,V6 Dynamic Boxing,60,214.8910
01_ideal_motion.mp4,V6 Dynamic Boxing,61,215.1951
01_ideal_motion.mp4,V6 Dynamic Boxing,62,231.6235
01_ideal_motion.mp4,V6 Dynamic Boxing,63,231.6227
01_ideal_motion.mp4,V6 Dynamic Boxing,64,231.7113
01_ideal_motion.mp4,V6 Dynamic Boxing,65,242.4357
01_ideal_motion.mp4,V6 Dynamic Boxing,66,247.2345
01_ideal_motion.mp4,V6 Dynamic Boxing,67,247.2446
01_ideal_motion.mp4,V6 Dynamic Boxing,68,253.4666
01_ideal_motion.mp4,V6 Dynamic Boxing,69,262.8367
01_ideal_motion.mp4,V6 Dynamic Boxing,70,262.8327
01_ideal_motion.mp4,V6 Dynamic Boxing,71,268.8979
01_ideal_motion.mp4,V6 Dynamic Boxing,72,279.5260
01_ideal_motion.mp4,V6 Dynamic Boxing,73,279.7382
01_ideal_motion.mp4,V6 Dynamic Boxing,74,285.9821
01_ideal_motion.mp4,V6 Dynamic Boxing,75,296.3448
01_ideal_motion.mp4,V6 Dynamic Boxing,76,296.0243
01_ideal_motion.mp4,V6 Dynamic Boxing,77,296.3019
01_ideal_motion.mp4,V6 Dynamic Boxing,78,312.1903
01_ideal_motion.mp4,V6 Dynamic Boxing,79,312.1227
01_ideal_motion.mp4,V6 Dynamic Boxing,80,312.1907
01_ideal_motion.mp4,V6 Dynamic Boxing,81,322.9026
01_ideal_motion.mp4,V6 Dynamic Boxing,82,327.6915
01_ideal_motion.mp4,V6 Dynamic Boxing,83,327.7815
01_ideal_motion.mp4,V6 Dynamic Boxing,84,334.4981
01_ideal_motion.mp4,V6 Dynamic Boxing,85,344.4115
01_ideal_motion.mp4,V6 Dynamic Boxing,86,344.4772
01_ideal_motion.mp4,V6 Dynamic Boxing,87,350.2141
01_ideal_motion.mp4,V6 Dynamic Boxing,88,360.1130
01_ideal_motion.mp4,V6 Dynamic Boxing,89,360.3200
02_ideal_cache.mp4,V6 Dynamic Boxing,0,0.0000
02_ideal_cache.mp4,V6 Dynamic Boxing,1,0.0100
02_ideal_cache.mp4,V6 Dynamic Boxing,2,0.0133
02_ideal_cache.mp4,V6 Dynamic Boxing,3,0.0133
02_ideal_cache.mp4,V6 Dynamic Boxing,4,0.0133
02_ideal_cache.mp4,V6 Dynamic Boxing,5,0.0133
02_ideal_cache.mp4,V6 Dynamic Boxing,6,0.0133
02_ideal_cache.mp4,V6 Dynamic Boxing,7,0.0133
02_ideal_cache.mp4,V6 Dynamic Boxing,8,0.0133
02_ideal_cache.mp4,V6 Dynamic Boxing,9,0.0133
02_ideal_cache.mp4,V6 Dynamic Boxing,10,0.0133
02_ideal_cache.mp4,V6 Dynamic Boxing,11,0.0133
02_ideal_cache.mp4,V6 Dynamic Boxing,12,0.1148
02_ideal_cache.mp4,V6 Dynamic Boxing,13,0.1148
02_ideal_cache.mp4,V6 Dynamic Boxing,14,0.1148
02_ideal_cache.mp4,V6 Dynamic Boxing,15,0.0018
02_ideal_cache.mp4,V6 Dynamic Boxing,16,0.0018
02_ideal_cache.mp4,V6 Dynamic Boxing,17,0.0018
02_ideal_cache.mp4,V6 Dynamic Boxing,18,0.0018
02_ideal_cache.mp4,V6 Dynamic Boxing,19,0.0018
02_ideal_cache.mp4,V6 Dynamic Boxing,20,0.0018
02_ideal_cache.mp4,V6 Dynamic Boxing,21,0.0018
02_ideal_cache.mp4,V6 Dynamic Boxing,22,0.0018
02_ideal_cache.mp4,V6 Dynamic Boxing,23,0.0018
02_ideal_cache.mp4,V6 Dynamic Boxing,24,0.0000
02_ideal_cache.mp4,V6 Dynamic Boxing,25,0.0000
02_ideal_cache.mp4,V6 Dynamic Boxing,26,0.0000
02_ideal_cache.mp4,V6 Dynamic Boxing,27,0.0000
02_ideal_cache.mp4,V6 Dynamic Boxing,28,0.0000
02_ideal_cache.mp4,V6 Dynamic Boxing,29,0.0000
02_ideal_cache.mp4,V6 Dynamic Boxing,30,152.9769
02_ideal_cache.mp4,V6 Dynamic Boxing,31,152.9780
02_ideal_cache.mp4,V6 Dynamic Boxing,32,152.9780
02_ideal_cache.mp4,V6 Dynamic Boxing,33,152.9780
02_ideal_cache.mp4,V6 Dynamic Boxing,34,152.9780
02_ideal_cache.mp4,V6 Dynamic Boxing,35,152.9780
02_ideal_cache.mp4,V6 Dynamic Boxing,36,153.6172
02_ideal_cache.mp4,V6 Dynamic Boxing,37,153.6172
02_ideal_cache.mp4,V6 Dynamic Boxing,38,153.6172
02_ideal_cache.mp4,V6 Dynamic Boxing,39,153.6172
02_ideal_cache.mp4,V6 Dynamic Boxing,40,153.6172
02_ideal_cache.mp4,V6 Dynamic Boxing,41,153.6172
02_ideal_cache.mp4,V6 Dynamic Boxing,42,153.6172
02_ideal_cache.mp4,V6 Dynamic Boxing,43,153.6172
02_ideal_cache.mp4,V6 Dynamic Boxing,44,153.6172
02_ideal_cache.mp4,V6 Dynamic Boxing,45,0.0018
02_ideal_cache.mp4,V6 Dynamic Boxing,46,0.0018
02_ideal_cache.mp4,V6 Dynamic Boxing,47,0.0018
02_ideal_cache.mp4,V6 Dynamic Boxing,48,0.0000
02_ideal_cache.mp4,V6 Dynamic Boxing,49,0.0000
02_ideal_cache.mp4,V6 Dynamic Boxing,50,0.0000
02_ideal_cache.mp4,V6 Dynamic Boxing,51,0.0000
02_ideal_cache.mp4,V6 Dynamic Boxing,52,0.0000
02_ideal_cache.mp4,V6 Dynamic Boxing,53,0.0000
02_ideal_cache.mp4,V6 Dynamic Boxing,54,0.0000
02_ideal_cache.mp4,V6 Dynamic Boxing,55,0.0000
02_ideal_cache.mp4,V6 Dynamic Boxing,56,0.0000
02_ideal_cache.mp4,V6 Dynamic Boxing,57,0.0000
02_ideal_cache.mp4,V6 Dynamic Boxing,58,0.0000
02_ideal_cache.mp4,V6 Dynamic Boxing,59,0.0000
02_ideal_cache.mp4,V6 Dynamic Boxing,60,338.2523
02_ideal_cache.mp4,V6 Dynamic Boxing,61,338.2523
02_ideal_cache.mp4,V6 Dynamic Boxing,62,338.2523
02_ideal_cache.mp4,V6 Dynamic Boxing,63,338.2523
02_ideal_cache.mp4,V6 Dynamic Boxing,64,338.2523
02_ideal_cache.mp4,V6 Dynamic Boxing,65,338.2523
02_ideal_cache.mp4,V6 Dynamic Boxing,66,338.2523
02_ideal_cache.mp4,V6 Dynamic Boxing,67,338.2523
02_ideal_cache.mp4,V6 Dynamic Boxing,68,338.2523
02_ideal_cache.mp4,V6 Dynamic Boxing,69,338.2523
02_ideal_cache.mp4,V6 Dynamic Boxing,70,338.2523
02_ideal_cache.mp4,V6 Dynamic Boxing,71,338.2523
02_ideal_cache.mp4,V6 Dynamic Boxing,72,338.2523
02_ideal_cache.mp4,V6 Dynamic Boxing,73,338.2523
02_ideal_cache.mp4,V6 Dynamic Boxing,74,338.2523
02_ideal_cache.mp4,V6 Dynamic Boxing,75,0.0018
02_ideal_cache.mp4,V6 Dynamic Boxing,76,0.0018
02_ideal_cache.mp4,V6 Dynamic Boxing,77,0.0018
02_ideal_cache.mp4,V6 Dynamic Boxing,78,0.0018
02_ideal_cache.mp4,V6 Dynamic Boxing,79,0.0018
02_ideal_cache.mp4,V6 Dynamic Boxing,80,0.0018
02_ideal_cache.mp4,V6 Dynamic Boxing,81,0.0018
02_ideal_cache.mp4,V6 Dynamic Boxing,82,0.0018
02_ideal_cache.mp4,V6 Dynamic Boxing,83,0.0018
02_ideal_cache.mp4,V6 Dynamic Boxing,84,0.0000
02_ideal_cache.mp4,V6 Dynamic Boxing,85,0.0000
02_ideal_cache.mp4,V6 Dynamic Boxing,86,0.0000
02_ideal_cache.mp4,V6 Dynamic Boxing,87,0.0000
02_ideal_cache.mp4,V6 Dynamic Boxing,88,0.0000
02_ideal_cache.mp4,V6 Dynamic Boxing,89,0.0000
03_ideal_palette.mp4,V6 Dynamic Boxing,0,0.0000
03_ideal_palette.mp4,V6 Dynamic Boxing,1,0.0053
03_ideal_palette.mp4,V6 Dynamic Boxing,2,0.0062
03_ideal_palette.mp4,V6 Dynamic Boxing,3,0.0062
03_ideal_palette.mp4,V6 Dynamic Boxing,4,0.0062
03_ideal_palette.mp4,V6 Dynamic Boxing,5,0.0062
03_ideal_palette.mp4,V6 Dynamic Boxing,6,0.0062
03_ideal_palette.mp4,V6 Dynamic Boxing,7,0.0062
03_ideal_palette.mp4,V6 Dynamic Boxing,8,0.0062
03_ideal_palette.mp4,V6 Dynamic Boxing,9,0.0062
03_ideal_palette.mp4,V6 Dynamic Boxing,10,0.0062
03_ideal_palette.mp4,V6 Dynamic Boxing,11,0.0062
03_ideal_palette.mp4,V6 Dynamic Boxing,12,0.2287
03_ideal_palette.mp4,V6 Dynamic Boxing,13,0.2287
03_ideal_palette.mp4,V6 Dynamic Boxing,14,0.2287
03_ideal_palette.mp4,V6 Dynamic Boxing,15,0.2287
03_ideal_palette.mp4,V6 Dynamic Boxing,16,0.2287
03_ideal_palette.mp4,V6 Dynamic Boxing,17,0.2287
03_ideal_palette.mp4,V6 Dynamic Boxing,18,0.2287
03_ideal_palette.mp4,V6 Dynamic Boxing,19,0.2287
03_ideal_palette.mp4,V6 Dynamic Boxing,20,0.2287
03_ideal_palette.mp4,V6 Dynamic Boxing,21,0.2287
03_ideal_palette.mp4,V6 Dynamic Boxing,22,0.2287
03_ideal_palette.mp4,V6 Dynamic Boxing,23,0.2287
03_ideal_palette.mp4,V6 Dynamic Boxing,24,0.2287
03_ideal_palette.mp4,V6 Dynamic Boxing,25,0.2287
03_ideal_palette.mp4,V6 Dynamic Boxing,26,0.2287
03_ideal_palette.mp4,V6 Dynamic Boxing,27,0.2287
03_ideal_palette.mp4,V6 Dynamic Boxing,28,0.2287
03_ideal_palette.mp4,V6 Dynamic Boxing,29,0.2287
03_ideal_palette.mp4,V6 Dynamic Boxing,30,0.2287
03_ideal_palette.mp4,V6 Dynamic Boxing,31,0.2287
03_ideal_palette.mp4,V6 Dynamic Boxing,32,0.2287
03_ideal_palette.mp4,V6 Dynamic Boxing,33,0.2287
03_ideal_palette.mp4,V6 Dynamic Boxing,34,0.2287
03_ideal_palette.mp4,V6 Dynamic Boxing,35,0.2287
03_ideal_palette.mp4,V6 Dynamic Boxing,36,0.2287
03_ideal_palette.mp4,V6 Dynamic Boxing,37,0.2287
03_ideal_palette.mp4,V6 Dynamic Boxing,38,0.2287
03_ideal_palette.mp4,V6 Dynamic Boxing,39,0.2287
03_ideal_palette.mp4,V6 Dynamic Boxing,40,0.2287
03_ideal_palette.mp4,V6 Dynamic Boxing,41,0.2287
03_ideal_palette.mp4,V6 Dynamic Boxing,42,0.2287
03_ideal_palette.mp4,V6 Dynamic Boxing,43,0.2287
03_ideal_palette.mp4,V6 Dynamic Boxing,44,0.2287
03_ideal_palette.mp4,V6 Dynamic Boxing,45,0.2287
03_ideal_palette.mp4,V6 Dynamic Boxing,46,0.2287
03_ideal_palette.mp4,V6 Dynamic Boxing,47,0.2287
03_ideal_palette.mp4,V6 Dynamic Boxing,48,0.2287
03_ideal_palette.mp4,V6 Dynamic Boxing,49,0.2287
03_ideal_palette.mp4,V6 Dynamic Boxing,50,0.2287
03_ideal_palette.mp4,V6 Dynamic Boxing,51,0.2287
03_ideal_palette.mp4,V6 Dynamic Boxing,52,0.2287
03_ideal_palette.mp4,V6 Dynamic Boxing,53,0.2287
03_ideal_palette.mp4,V6 Dynamic Boxing,54,0.2287
03_ideal_palette.mp4,V6 Dynamic Boxing,55,0.2287
03_ideal_palette.mp4,V6 Dynamic Boxing,56,0.2287
03_ideal_palette.mp4,V6 Dynamic Boxing,57,0.2287
03_ideal_palette.mp4,V6 Dynamic Boxing,58,0.2287
03_ideal_palette.mp4,V6 Dynamic Boxing,59,0.2287
03_ideal_palette.mp4,V6 Dynamic Boxing,60,0.2287
03_ideal_palette.mp4,V6 Dynamic Boxing,61,0.2287
03_ideal_palette.mp4,V6 Dynamic Boxing,62,0.2287
03_ideal_palette.mp4,V6 Dynamic Boxing,63,0.2287
03_ideal_palette.mp4,V6 Dynamic Boxing,64,0.2287
03_ideal_palette.mp4,V6 Dynamic Boxing,65,0.2287
03_ideal_palette.mp4,V6 Dynamic Boxing,66,0.2287
03_ideal_palette.mp4,V6 Dynamic Boxing,67,0.2287
03_ideal_palette.mp4,V6 Dynamic Boxing,68,0.2287
03_ideal_palette.mp4,V6 Dynamic Boxing,69,0.2287
03_ideal_palette.mp4,V6 Dynamic Boxing,70,0.2287
03_ideal_palette.mp4,V6 Dynamic Boxing,71,0.2287
03_ideal_palette.mp4,V6 Dynamic Boxing,72,0.2287
03_ideal_palette.mp4,V6 Dynamic Boxing,73,0.2287
03_ideal_palette.mp4,V6 Dynamic Boxing,74,0.2287
03_ideal_palette.mp4,V6 Dynamic Boxing,75,0.2287
03_ideal_palette.mp4,V6 Dynamic Boxing,76,0.2287
03_ideal_palette.mp4,V6 Dynamic Boxing,77,0.2287
03_ideal_palette.mp4,V6 Dynamic Boxing,78,0.2287
03_ideal_palette.mp4,V6 Dynamic Boxing,79,0.2287
03_ideal_palette.mp4,V6 Dynamic Boxing,80,0.2287
03_ideal_palette.mp4,V6 Dynamic Boxing,81,0.2287
03_ideal_palette.mp4,V6 Dynamic Boxing,82,0.2287
03_ideal_palette.mp4,V6 Dynamic Boxing,83,0.2287
03_ideal_palette.mp4,V6 Dynamic Boxing,84,0.2287
03_ideal_palette.mp4,V6 Dynamic Boxing,85,0.2287
03_ideal_palette.mp4,V6 Dynamic Boxing,86,0.2287
03_ideal_palette.mp4,V6 Dynamic Boxing,87,0.2287
03_ideal_palette.mp4,V6 Dynamic Boxing,88,0.2287
03_ideal_palette.mp4,V6 Dynamic Boxing,89,0.2287
04_ideal_baseline.mp4,V6 Dynamic Boxing,0,0.0000
04_ideal_baseline.mp4,V6 Dynamic Boxing,1,0.0000
04_ideal_baseline.mp4,V6 Dynamic Boxing,2,0.0000
04_ideal_baseline.mp4,V6 Dynamic Boxing,3,0.0000
04_ideal_baseline.mp4,V6 Dynamic Boxing,4,0.0000
04_ideal_baseline.mp4,V6 Dynamic Boxing,5,9.0000
04_ideal_baseline.mp4,V6 Dynamic Boxing,6,0.0000
04_ideal_baseline.mp4,V6 Dynamic Boxing,7,0.0000
04_ideal_baseline.mp4,V6 Dynamic Boxing,8,9.0000
04_ideal_baseline.mp4,V6 Dynamic Boxing,9,0.0000
04_ideal_baseline.mp4,V6 Dynamic Boxing,10,9.0000
04_ideal_baseline.mp4,V6 Dynamic Boxing,11,0.0000
04_ideal_baseline.mp4,V6 Dynamic Boxing,12,9.0000
04_ideal_baseline.mp4,V6 Dynamic Boxing,13,0.0000
04_ideal_baseline.mp4,V6 Dynamic Boxing,14,0.0000
04_ideal_baseline.mp4,V6 Dynamic Boxing,15,0.0000
04_ideal_baseline.mp4,V6 Dynamic Boxing,16,0.0000
04_ideal_baseline.mp4,V6 Dynamic Boxing,17,0.0000
04_ideal_baseline.mp4,V6 Dynamic Boxing,18,1.0000
04_ideal_baseline.mp4,V6 Dynamic Boxing,19,4.0000
04_ideal_baseline.mp4,V6 Dynamic Boxing,20,9.0000
04_ideal_baseline.mp4,V6 Dynamic Boxing,21,0.0000
04_ideal_baseline.mp4,V6 Dynamic Boxing,22,9.0000
04_ideal_baseline.mp4,V6 Dynamic Boxing,23,0.0000
04_ideal_baseline.mp4,V6 Dynamic Boxing,24,9.0000
04_ideal_baseline.mp4,V6 Dynamic Boxing,25,0.0000
04_ideal_baseline.mp4,V6 Dynamic Boxing,26,0.0000
04_ideal_baseline.mp4,V6 Dynamic Boxing,27,0.0000
04_ideal_baseline.mp4,V6 Dynamic Boxing,28,0.0000
04_ideal_baseline.mp4,V6 Dynamic Boxing,29,0.0000
04_ideal_baseline.mp4,V6 Dynamic Boxing,30,0.0000
04_ideal_baseline.mp4,V6 Dynamic Boxing,31,0.0000
04_ideal_baseline.mp4,V6 Dynamic Boxing,32,0.0000
04_ideal_baseline.mp4,V6 Dynamic Boxing,33,0.0000
04_ideal_baseline.mp4,V6 Dynamic Boxing,34,0.0000
04_ideal_baseline.mp4,V6 Dynamic Boxing,35,0.0000
04_ideal_baseline.mp4,V6 Dynamic Boxing,36,0.0000
04_ideal_baseline.mp4,V6 Dynamic Boxing,37,0.0000
04_ideal_baseline.mp4,V6 Dynamic Boxing,38,0.0000
04_ideal_baseline.mp4,V6 Dynamic Boxing,39,9.0000
04_ideal_baseline.mp4,V6 Dynamic Boxing,40,0.0000
04_ideal_baseline.mp4,V6 Dynamic Boxing,41,4.0000
04_ideal_baseline.mp4,V6 Dynamic Boxing,42,0.0000
04_ideal_baseline.mp4,V6 Dynamic Boxing,43,9.0000
04_ideal_baseline.mp4,V6 Dynamic Boxing,44,0.0000
04_ideal_baseline.mp4,V6 Dynamic Boxing,45,1.0000
04_ideal_baseline.mp4,V6 Dynamic Boxing,46,1.0000
04_ideal_baseline.mp4,V6 Dynamic Boxing,47,1.0000
04_ideal_baseline.mp4,V6 Dynamic Boxing,48,1.0000
04_ideal_baseline.mp4,V6 Dynamic Boxing,49,1.0000
04_ideal_baseline.mp4,V6 Dynamic Boxing,50,0.0000
04_ideal_baseline.mp4,V6 Dynamic Boxing,51,1.0000
04_ideal_baseline.mp4,V6 Dynamic Boxing,52,9.0000
04_ideal_baseline.mp4,V6 Dynamic Boxing,53,0.0000
04_ideal_baseline.mp4,V6 Dynamic Boxing,54,9.0000
04_ideal_baseline.mp4,V6 Dynamic Boxing,55,0.0000
04_ideal_baseline.mp4,V6 Dynamic Boxing,56,9.0000
04_ideal_baseline.mp4,V6 Dynamic Boxing,57,0.0000
04_ideal_baseline.mp4,V6 Dynamic Boxing,58,4.0000
04_ideal_baseline.mp4,V6 Dynamic Boxing,59,0.0000
04_ideal_baseline.mp4,V6 Dynamic Boxing,60,0.0000
04_ideal_baseline.mp4,V6 Dynamic Boxing,61,0.0000
04_ideal_baseline.mp4,V6 Dynamic Boxing,62,0.0000
04_ideal_baseline.mp4,V6 Dynamic Boxing,63,225.0000
04_ideal_baseline.mp4,V6 Dynamic Boxing,64,0.0000
04_ideal_baseline.mp4,V6 Dynamic Boxing,65,0.0000
04_ideal_baseline.mp4,V6 Dynamic Boxing,66,0.0000
04_ideal_baseline.mp4,V6 Dynamic Boxing,67,0.0000
04_ideal_baseline.mp4,V6 Dynamic Boxing,68,0.0000
04_ideal_baseline.mp4,V6 Dynamic Boxing,69,0.0000
04_ideal_baseline.mp4,V6 Dynamic Boxing,70,0.0000
04_ideal_baseline.mp4,V6 Dynamic Boxing,71,9.0000
04_ideal_baseline.mp4,V6 Dynamic Boxing,72,0.0000
04_ideal_baseline.mp4,V6 Dynamic Boxing,73,9.0000
04_ideal_baseline.mp4,V6 Dynamic Boxing,74,0.0000
04_ideal_baseline.mp4,V6 Dynamic Boxing,75,9.0000
04_ideal_baseline.mp4,V6 Dynamic Boxing,76,0.0000
04_ideal_baseline.mp4,V6 Dynamic Boxing,77,0.0000
04_ideal_baseline.mp4,V6 Dynamic Boxing,78,0.0000
04_ideal_baseline.mp4,V6 Dynamic Boxing,79,0.0000
04_ideal_baseline.mp4,V6 Dynamic Boxing,80,0.0000
04_ideal_baseline.mp4,V6 Dynamic Boxing,81,1.0000
04_ideal_baseline.mp4,V6 Dynamic Boxing,82,4.0000
04_ideal_baseline.mp4,V6 Dynamic Boxing,83,0.0000
04_ideal_baseline.mp4,V6 Dynamic Boxing,84,4.0000
04_ideal_baseline.mp4,V6 Dynamic Boxing,85,0.0000
04_ideal_baseline.mp4,V6 Dynamic Boxing,86,0.0000
04_ideal_baseline.mp4,V6 Dynamic Boxing,87,9.0000
04_ideal_baseline.mp4,V6 Dynamic Boxing,88,0.0000
04_ideal_baseline.mp4,V6 Dynamic Boxing,89,4.0000
05_break_entropy.mp4,V6 Dynamic Boxing,0,0.0000
05_break_entropy.mp4,V6 Dynamic Boxing,1,0.0000
05_break_entropy.mp4,V6 Dynamic Boxing,2,0.0000
05_break_entropy.mp4,V6 Dynamic Boxing,3,0.0000
05_break_entropy.mp4,V6 Dynamic Boxing,4,0.0000
05_break_entropy.mp4,V6 Dynamic Boxing,5,0.0000
05_break_entropy.mp4,V6 Dynamic Boxing,6,0.0000
05_break_entropy.mp4,V6 Dynamic Boxing,7,0.0000
05_break_entropy.mp4,V6 Dynamic Boxing,8,0.0000
05_break_entropy.mp4,V6 Dynamic Boxing,9,0.0000
05_break_entropy.mp4,V6 Dynamic Boxing,10,0.0000
05_break_entropy.mp4,V6 Dynamic Boxing,11,0.0000
05_break_entropy.mp4,V6 Dynamic Boxing,12,0.0000
05_break_entropy.mp4,V6 Dynamic Boxing,13,0.0000
05_break_entropy.mp4,V6 Dynamic Boxing,14,0.0000
05_break_entropy.mp4,V6 Dynamic Boxing,15,0.0000
05_break_entropy.mp4,V6 Dynamic Boxing,16,0.0000
05_break_entropy.mp4,V6 Dynamic Boxing,17,0.0000
05_break_entropy.mp4,V6 Dynamic Boxing,18,0.0000
05_break_entropy.mp4,V6 Dynamic Boxing,19,0.0000
05_break_entropy.mp4,V6 Dynamic Boxing,20,0.0000
05_break_entropy.mp4,V6 Dynamic Boxing,21,0.0000
05_break_entropy.mp4,V6 Dynamic Boxing,22,0.0000
05_break_entropy.mp4,V6 Dynamic Boxing,23,0.0000
05_break_entropy.mp4,V6 Dynamic Boxing,24,0.0000
05_break_entropy.mp4,V6 Dynamic Boxing,25,0.0000
05_break_entropy.mp4,V6 Dynamic Boxing,26,0.0000
05_break_entropy.mp4,V6 Dynamic Boxing,27,0.0000
05_break_entropy.mp4,V6 Dynamic Boxing,28,0.0000
05_break_entropy.mp4,V6 Dynamic Boxing,29,0.0000
05_break_entropy.mp4,V6 Dynamic Boxing,30,0.0000
05_break_entropy.mp4,V6 Dynamic Boxing,31,0.0000
05_break_entropy.mp4,V6 Dynamic Boxing,32,0.0000
05_break_entropy.mp4,V6 Dynamic Boxing,33,0.0000
05_break_entropy.mp4,V6 Dynamic Boxing,34,0.0000
05_break_entropy.mp4,V6 Dynamic Boxing,35,0.0000
05_break_entropy.mp4,V6 Dynamic Boxing,36,0.0000
05_break_entropy.mp4,V6 Dynamic Boxing,37,0.0000
05_break_entropy.mp4,V6 Dynamic Boxing,38,0.0000
05_break_entropy.mp4,V6 Dynamic Boxing,39,0.0000
05_break_entropy.mp4,V6 Dynamic Boxing,40,0.0000
05_break_entropy.mp4,V6 Dynamic Boxing,41,0.0000
05_break_entropy.mp4,V6 Dynamic Boxing,42,0.0000
05_break_entropy.mp4,V6 Dynamic Boxing,43,0.0000
05_break_entropy.mp4,V6 Dynamic Boxing,44,0.0000
05_break_entropy.mp4,V6 Dynamic Boxing,45,0.0000
05_break_entropy.mp4,V6 Dynamic Boxing,46,0.0000
05_break_entropy.mp4,V6 Dynamic Boxing,47,0.0000
05_break_entropy.mp4,V6 Dynamic Boxing,48,0.0000
05_break_entropy.mp4,V6 Dynamic Boxing,49,0.0000
05_break_entropy.mp4,V6 Dynamic Boxing,50,0.0000
05_break_entropy.mp4,V6 Dynamic Boxing,51,0.0000
05_break_entropy.mp4,V6 Dynamic Boxing,52,0.0000
05_break_entropy.mp4,V6 Dynamic Boxing,53,0.0000
05_break_entropy.mp4,V6 Dynamic Boxing,54,0.0000
05_break_entropy.mp4,V6 Dynamic Boxing,55,0.0000
05_break_entropy.mp4,V6 Dynamic Boxing,56,0.0000
05_break_entropy.mp4,V6 Dynamic Boxing,57,0.0000
05_break_entropy.mp4,V6 Dynamic Boxing,58,0.0000
05_break_entropy.mp4,V6 Dynamic Boxing,59,0.0000
05_break_entropy.mp4,V6 Dynamic Boxing,60,0.0000
05_break_entropy.mp4,V6 Dynamic Boxing,61,0.0000
05_break_entropy.mp4,V6 Dynamic Boxing,62,0.0000
05_break_entropy.mp4,V6 Dynamic Boxing,63,0.0000
05_break_entropy.mp4,V6 Dynamic Boxing,64,0.0000
05_break_entropy.mp4,V6 Dynamic Boxing,65,0.0000
05_break_entropy.mp4,V6 Dynamic Boxing,66,0.0000
05_break_entropy.mp4,V6 Dynamic Boxing,67,0.0000
05_break_entropy.mp4,V6 Dynamic Boxing,68,0.0000
05_break_entropy.mp4,V6 Dynamic Boxing,69,0.0000
05_break_entropy.mp4,V6 Dynamic Boxing,70,0.0000
05_break_entropy.mp4,V6 Dynamic Boxing,71,0.0000
05_break_entropy.mp4,V6 Dynamic Boxing,72,0.0000
05_break_entropy.mp4,V6 Dynamic Boxing,73,0.0000
05_break_entropy.mp4,V6 Dynamic Boxing,74,0.0000
05_break_entropy.mp4,V6 Dynamic Boxing,75,0.0000
05_break_entropy.mp4,V6 Dynamic Boxing,76,0.0000
05_break_entropy.mp4,V6 Dynamic Boxing,77,0.0000
05_break_entropy.mp4,V6 Dynamic Boxing,78,0.0000
05_break_entropy.mp4,V6 Dynamic Boxing,79,0.0000
05_break_entropy.mp4,V6 Dynamic Boxing,80,0.0000
05_break_entropy.mp4,V6 Dynamic Boxing,81,0.0000
05_break_entropy.mp4,V6 Dynamic Boxing,82,0.0000
05_break_entropy.mp4,V6 Dynamic Boxing,83,0.0000
05_break_entropy.mp4,V6 Dynamic Boxing,84,0.0000
05_break_entropy.mp4,V6 Dynamic Boxing,85,0.0000
05_break_entropy.mp4,V6 Dynamic Boxing,86,0.0000
05_break_entropy.mp4,V6 Dynamic Boxing,87,0.0000
05_break_entropy.mp4,V6 Dynamic Boxing,88,0.0000
05_break_entropy.mp4,V6 Dynamic Boxing,89,0.0000
06_break_jitter.mp4,V6 Dynamic Boxing,0,0.0000
06_break_jitter.mp4,V6 Dynamic Boxing,1,0.0895
06_break_jitter.mp4,V6 Dynamic Boxing,2,0.2176
06_break_jitter.mp4,V6 Dynamic Boxing,3,0.0491
06_break_jitter.mp4,V6 Dynamic Boxing,4,0.2317
06_break_jitter.mp4,V6 Dynamic Boxing,5,0.1751
06_break_jitter.mp4,V6 Dynamic Boxing,6,0.1302
06_break_jitter.mp4,V6 Dynamic Boxing,7,0.1298
06_break_jitter.mp4,V6 Dynamic Boxing,8,0.1488
06_break_jitter.mp4,V6 Dynamic Boxing,9,0.2637
06_break_jitter.mp4,V6 Dynamic Boxing,10,0.2839
06_break_jitter.mp4,V6 Dynamic Boxing,11,0.1058
06_break_jitter.mp4,V6 Dynamic Boxing,12,0.1258
06_break_jitter.mp4,V6 Dynamic Boxing,13,2.6311
06_break_jitter.mp4,V6 Dynamic Boxing,14,0.8838
06_break_jitter.mp4,V6 Dynamic Boxing,15,3.1134
06_break_jitter.mp4,V6 Dynamic Boxing,16,0.1437
06_break_jitter.mp4,V6 Dynamic Boxing,17,1.5820
06_break_jitter.mp4,V6 Dynamic Boxing,18,1.0216
06_break_jitter.mp4,V6 Dynamic Boxing,19,0.9439
06_break_jitter.mp4,V6 Dynamic Boxing,20,0.4971
06_break_jitter.mp4,V6 Dynamic Boxing,21,0.9688
06_break_jitter.mp4,V6 Dynamic Boxing,22,1.0499
06_break_jitter.mp4,V6 Dynamic Boxing,23,0.9905
06_break_jitter.mp4,V6 Dynamic Boxing,24,1.3411
06_break_jitter.mp4,V6 Dynamic Boxing,25,1.2465
06_break_jitter.mp4,V6 Dynamic Boxing,26,1.2523
06_break_jitter.mp4,V6 Dynamic Boxing,27,4.5009
06_break_jitter.mp4,V6 Dynamic Boxing,28,7.4275
06_break_jitter.mp4,V6 Dynamic Boxing,29,14.5260
06_break_jitter.mp4,V6 Dynamic Boxing,30,4.8519
06_break_jitter.mp4,V6 Dynamic Boxing,31,4.5074
06_break_jitter.mp4,V6 Dynamic Boxing,32,0.3098
06_break_jitter.mp4,V6 Dynamic Boxing,33,4.4468
06_break_jitter.mp4,V6 Dynamic Boxing,34,0.3041
06_break_jitter.mp4,V6 Dynamic Boxing,35,0.3159
06_break_jitter.mp4,V6 Dynamic Boxing,36,0.3460
06_break_jitter.mp4,V6 Dynamic Boxing,37,0.1997
06_break_jitter.mp4,V6 Dynamic Boxing,38,4.8564
06_break_jitter.mp4,V6 Dynamic Boxing,39,0.3243
06_break_jitter.mp4,V6 Dynamic Boxing,40,4.9233
06_break_jitter.mp4,V6 Dynamic Boxing,41,20.7655
06_break_jitter.mp4,V6 Dynamic Boxing,42,4.9227
06_break_jitter.mp4,V6 Dynamic Boxing,43,12.4087
06_break_jitter.mp4,V6 Dynamic Boxing,44,4.7796
06_break_jitter.mp4,V6 Dynamic Boxing,45,0.2958
06_break_jitter.mp4,V6 Dynamic Boxing,46,0.2458
06_break_jitter.mp4,V6 Dynamic Boxing,47,6.4671
06_break_jitter.mp4,V6 Dynamic Boxing,48,7.1197
06_break_jitter.mp4,V6 Dynamic Boxing,49,0.1457
06_break_jitter.mp4,V6 Dynamic Boxing,50,9.9588
06_break_jitter.mp4,V6 Dynamic Boxing,51,1.9873
06_break_jitter.mp4,V6 Dynamic Boxing,52,0.1382
06_break_jitter.mp4,V6 Dynamic Boxing,53,0.1795
06_break_jitter.mp4,V6 Dynamic Boxing,54,0.1402
06_break_jitter.mp4,V6 Dynamic Boxing,55,12.3240
06_break_jitter.mp4,V6 Dynamic Boxing,56,5.2016
06_break_jitter.mp4,V6 Dynamic Boxing,57,10.3904
06_break_jitter.mp4,V6 Dynamic Boxing,58,5.4722
06_break_jitter.mp4,V6 Dynamic Boxing,59,5.2348
06_break_jitter.mp4,V6 Dynamic Boxing,60,0.4190
06_break_jitter.mp4,V6 Dynamic Boxing,61,0.4054
06_break_jitter.mp4,V6 Dynamic Boxing,62,0.2639
06_break_jitter.mp4,V6 Dynamic Boxing,63,0.1919
06_break_jitter.mp4,V6 Dynamic Boxing,64,0.1562
06_break_jitter.mp4,V6 Dynamic Boxing,65,7.1187
06_break_jitter.mp4,V6 Dynamic Boxing,66,14.0927
06_break_jitter.mp4,V6 Dynamic Boxing,67,24.5059
06_break_jitter.mp4,V6 Dynamic Boxing,68,7.1273
06_break_jitter.mp4,V6 Dynamic Boxing,69,0.0707
06_break_jitter.mp4,V6 Dynamic Boxing,70,7.8797
06_break_jitter.mp4,V6 Dynamic Boxing,71,7.8773
06_break_jitter.mp4,V6 Dynamic Boxing,72,0.1513
06_break_jitter.mp4,V6 Dynamic Boxing,73,0.1380
06_break_jitter.mp4,V6 Dynamic Boxing,74,0.1171
06_break_jitter.mp4,V6 Dynamic Boxing,75,8.0547
06_break_jitter.mp4,V6 Dynamic Boxing,76,17.2043
06_break_jitter.mp4,V6 Dynamic Boxing,77,8.2624
06_break_jitter.mp4,V6 Dynamic Boxing,78,8.2865
06_break_jitter.mp4,V6 Dynamic Boxing,79,8.2876
06_break_jitter.mp4,V6 Dynamic Boxing,80,9.0378
06_break_jitter.mp4,V6 Dynamic Boxing,81,17.3253
06_break_jitter.mp4,V6 Dynamic Boxing,82,8.3330
06_break_jitter.mp4,V6 Dynamic Boxing,83,8.3285
06_break_jitter.mp4,V6 Dynamic Boxing,84,0.1947
06_break_jitter.mp4,V6 Dynamic Boxing,85,14.3449
06_break_jitter.mp4,V6 Dynamic Boxing,86,3.6101
06_break_jitter.mp4,V6 Dynamic Boxing,87,23.6944
06_break_jitter.mp4,V6 Dynamic Boxing,88,0.1277
06_break_jitter.mp4,V6 Dynamic Boxing,89,15.6693
07_break_fade.mp4,V6 Dynamic Boxing,0,0.0000
07_break_fade.mp4,V6 Dynamic Boxing,1,0.0847
07_break_fade.mp4,V6 Dynamic Boxing,2,0.2994
07_break_fade.mp4,V6 Dynamic Boxing,3,0.5842
07_break_fade.mp4,V6 Dynamic Boxing,4,0.7618
07_break_fade.mp4,V6 Dynamic Boxing,5,1.2552
07_break_fade.mp4,V6 Dynamic Boxing,6,0.6555
07_break_fade.mp4,V6 Dynamic Boxing,7,0.7238
07_break_fade.mp4,V6 Dynamic Boxing,8,0.7668
07_break_fade.mp4,V6 Dynamic Boxing,9,1.2236
07_break_fade.mp4,V6 Dynamic Boxing,10,1.0642
07_break_fade.mp4,V6 Dynamic Boxing,11,1.1577
07_break_fade.mp4,V6 Dynamic Boxing,12,1.2702
07_break_fade.mp4,V6 Dynamic Boxing,13,1.4371
07_break_fade.mp4,V6 Dynamic Boxing,14,1.5160
07_break_fade.mp4,V6 Dynamic Boxing,15,1.4896
07_break_fade.mp4,V6 Dynamic Boxing,16,1.7287
07_break_fade.mp4,V6 Dynamic Boxing,17,2.0269
07_break_fade.mp4,V6 Dynamic Boxing,18,2.0876
07_break_fade.mp4,V6 Dynamic Boxing,19,2.0669
07_break_fade.mp4,V6 Dynamic Boxing,20,2.0993
07_break_fade.mp4,V6 Dynamic Boxing,21,2.0619
07_break_fade.mp4,V6 Dynamic Boxing,22,2.1394
07_break_fade.mp4,V6 Dynamic Boxing,23,2.1524
07_break_fade.mp4,V6 Dynamic Boxing,24,2.2817
07_break_fade.mp4,V6 Dynamic Boxing,25,11.7866
07_break_fade.mp4,V6 Dynamic Boxing,26,12.1286
07_break_fade.mp4,V6 Dynamic Boxing,27,11.6115
07_break_fade.mp4,V6 Dynamic Boxing,28,6.8530
07_break_fade.mp4,V6 Dynamic Boxing,29,16.9690
07_break_fade.mp4,V6 Dynamic Boxing,30,16.9813
07_break_fade.mp4,V6 Dynamic Boxing,31,17.3473
07_break_fade.mp4,V6 Dynamic Boxing,32,66.6267
07_break_fade.mp4,V6 Dynamic Boxing,33,74.7202
07_break_fade.mp4,V6 Dynamic Boxing,34,74.6691
07_break_fade.mp4,V6 Dynamic Boxing,35,74.8572
07_break_fade.mp4,V6 Dynamic Boxing,36,119.6480
07_break_fade.mp4,V6 Dynamic Boxing,37,126.2729
07_break_fade.mp4,V6 Dynamic Boxing,38,126.0555
07_break_fade.mp4,V6 Dynamic Boxing,39,126.1275
07_break_fade.mp4,V6 Dynamic Boxing,40,166.4672
07_break_fade.mp4,V6 Dynamic Boxing,41,172.3837
07_break_fade.mp4,V6 Dynamic Boxing,42,172.0813
07_break_fade.mp4,V6 Dynamic Boxing,43,172.2784
07_break_fade.mp4,V6 Dynamic Boxing,44,209.3526
07_break_fade.mp4,V6 Dynamic Boxing,45,214.9635
07_break_fade.mp4,V6 Dynamic Boxing,46,214.8584
07_break_fade.mp4,V6 Dynamic Boxing,47,214.4898
07_break_fade.mp4,V6 Dynamic Boxing,48,245.8314
07_break_fade.mp4,V6 Dynamic Boxing,49,250.2766
07_break_fade.mp4,V6 Dynamic Boxing,50,250.2594
07_break_fade.mp4,V6 Dynamic Boxing,51,250.2086
07_break_fade.mp4,V6 Dynamic Boxing,52,282.6976
07_break_fade.mp4,V6 Dynamic Boxing,53,288.3628
07_break_fade.mp4,V6 Dynamic Boxing,54,287.9910
07_break_fade.mp4,V6 Dynamic Boxing,55,287.8779
07_break_fade.mp4,V6 Dynamic Boxing,56,316.1582
07_break_fade.mp4,V6 Dynamic Boxing,57,319.9983
07_break_fade.mp4,V6 Dynamic Boxing,58,320.0024
07_break_fade.mp4,V6 Dynamic Boxing,59,319.8647
07_break_fade.mp4,V6 Dynamic Boxing,60,347.9697
07_break_fade.mp4,V6 Dynamic Boxing,61,351.0761
07_break_fade.mp4,V6 Dynamic Boxing,62,351.1952
07_break_fade.mp4,V6 Dynamic Boxing,63,350.9931
07_break_fade.mp4,V6 Dynamic Boxing,64,375.0232
07_break_fade.mp4,V6 Dynamic Boxing,65,378.6426
07_break_fade.mp4,V6 Dynamic Boxing,66,378.3731
07_break_fade.mp4,V6 Dynamic Boxing,67,383.1163
07_break_fade.mp4,V6 Dynamic Boxing,68,398.9008
07_break_fade.mp4,V6 Dynamic Boxing,69,402.4831
07_break_fade.mp4,V6 Dynamic Boxing,70,401.9711
07_break_fade.mp4,V6 Dynamic Boxing,71,405.8549
07_break_fade.mp4,V6 Dynamic Boxing,72,419.3813
07_break_fade.mp4,V6 Dynamic Boxing,73,422.1655
07_break_fade.mp4,V6 Dynamic Boxing,74,421.7554
07_break_fade.mp4,V6 Dynamic Boxing,75,425.0648
07_break_fade.mp4,V6 Dynamic Boxing,76,437.7288
07_break_fade.mp4,V6 Dynamic Boxing,77,440.1837
07_break_fade.mp4,V6 Dynamic Boxing,78,440.0329
07_break_fade.mp4,V6 Dynamic Boxing,79,445.6575
07_break_fade.mp4,V6 Dynamic Boxing,80,452.4172
07_break_fade.mp4,V6 Dynamic Boxing,81,454.7117
07_break_fade.mp4,V6 Dynamic Boxing,82,454.5069
07_break_fade.mp4,V6 Dynamic Boxing,83,459.8524
07_break_fade.mp4,V6 Dynamic Boxing,84,466.7704
07_break_fade.mp4,V6 Dynamic Boxing,85,468.3520
07_break_fade.mp4,V6 Dynamic Boxing,86,468.4055
07_break_fade.mp4,V6 Dynamic Boxing,87,472.8715
07_break_fade.mp4,V6 Dynamic Boxing,88,478.7134
07_break_fade.mp4,V6 Dynamic Boxing,89,480.1901
08_break_moire.mp4,V6 Dynamic Boxing,0,0.0000
08_break_moire.mp4,V6 Dynamic Boxing,1,1.6250
08_break_moire.mp4,V6 Dynamic Boxing,2,1.6250
08_break_moire.mp4,V6 Dynamic Boxing,3,1.6250
08_break_moire.mp4,V6 Dynamic Boxing,4,1.6250
08_break_moire.mp4,V6 Dynamic Boxing,5,1.6250
08_break_moire.mp4,V6 Dynamic Boxing,6,1.6250
08_break_moire.mp4,V6 Dynamic Boxing,7,1.6250
08_break_moire.mp4,V6 Dynamic Boxing,8,1.6250
08_break_moire.mp4,V6 Dynamic Boxing,9,1.6250
08_break_moire.mp4,V6 Dynamic Boxing,10,1.6250
08_break_moire.mp4,V6 Dynamic Boxing,11,1.6250
08_break_moire.mp4,V6 Dynamic Boxing,12,2.8750
08_break_moire.mp4,V6 Dynamic Boxing,13,2.8750
08_break_moire.mp4,V6 Dynamic Boxing,14,2.8750
08_break_moire.mp4,V6 Dynamic Boxing,15,2.8750
08_break_moire.mp4,V6 Dynamic Boxing,16,2.8750
08_break_moire.mp4,V6 Dynamic Boxing,17,2.8750
08_break_moire.mp4,V6 Dynamic Boxing,18,2.8750
08_break_moire.mp4,V6 Dynamic Boxing,19,2.8750
08_break_moire.mp4,V6 Dynamic Boxing,20,2.8750
08_break_moire.mp4,V6 Dynamic Boxing,21,2.8750
08_break_moire.mp4,V6 Dynamic Boxing,22,2.8750
08_break_moire.mp4,V6 Dynamic Boxing,23,2.8750
08_break_moire.mp4,V6 Dynamic Boxing,24,2.8750
08_break_moire.mp4,V6 Dynamic Boxing,25,2.8750
08_break_moire.mp4,V6 Dynamic Boxing,26,2.8750
08_break_moire.mp4,V6 Dynamic Boxing,27,2.8750
08_break_moire.mp4,V6 Dynamic Boxing,28,2.8750
08_break_moire.mp4,V6 Dynamic Boxing,29,2.8750
08_break_moire.mp4,V6 Dynamic Boxing,30,0.0000
08_break_moire.mp4,V6 Dynamic Boxing,31,0.0000
08_break_moire.mp4,V6 Dynamic Boxing,32,0.0000
08_break_moire.mp4,V6 Dynamic Boxing,33,0.0000
08_break_moire.mp4,V6 Dynamic Boxing,34,0.0000
08_break_moire.mp4,V6 Dynamic Boxing,35,0.0000
08_break_moire.mp4,V6 Dynamic Boxing,36,0.8828
08_break_moire.mp4,V6 Dynamic Boxing,37,0.8828
08_break_moire.mp4,V6 Dynamic Boxing,38,0.8828
08_break_moire.mp4,V6 Dynamic Boxing,39,0.8828
08_break_moire.mp4,V6 Dynamic Boxing,40,0.8828
08_break_moire.mp4,V6 Dynamic Boxing,41,0.8828
08_break_moire.mp4,V6 Dynamic Boxing,42,0.8828
08_break_moire.mp4,V6 Dynamic Boxing,43,0.8828
08_break_moire.mp4,V6 Dynamic Boxing,44,0.8828
08_break_moire.mp4,V6 Dynamic Boxing,45,0.8828
08_break_moire.mp4,V6 Dynamic Boxing,46,0.8828
08_break_moire.mp4,V6 Dynamic Boxing,47,0.8828
08_break_moire.mp4,V6 Dynamic Boxing,48,0.8828
08_break_moire.mp4,V6 Dynamic Boxing,49,0.8828
08_break_moire.mp4,V6 Dynamic Boxing,50,0.8828
08_break_moire.mp4,V6 Dynamic Boxing,51,0.8828
08_break_moire.mp4,V6 Dynamic Boxing,52,0.8828
08_break_moire.mp4,V6 Dynamic Boxing,53,0.8828
08_break_moire.mp4,V6 Dynamic Boxing,54,0.8828
08_break_moire.mp4,V6 Dynamic Boxing,55,0.8828
08_break_moire.mp4,V6 Dynamic Boxing,56,0.8828
08_break_moire.mp4,V6 Dynamic Boxing,57,0.8828
08_break_moire.mp4,V6 Dynamic Boxing,58,0.8828
08_break_moire.mp4,V6 Dynamic Boxing,59,0.8828
08_break_moire.mp4,V6 Dynamic Boxing,60,0.0000
08_break_moire.mp4,V6 Dynamic Boxing,61,0.0000
08_break_moire.mp4,V6 Dynamic Boxing,62,0.0000
08_break_moire.mp4,V6 Dynamic Boxing,63,0.0000
08_break_moire.mp4,V6 Dynamic Boxing,64,0.0000
08_break_moire.mp4,V6 Dynamic Boxing,65,0.0000
08_break_moire.mp4,V6 Dynamic Boxing,66,0.0000
08_break_moire.mp4,V6 Dynamic Boxing,67,0.0000
08_break_moire.mp4,V6 Dynamic Boxing,68,0.0000
08_break_moire.mp4,V6 Dynamic Boxing,69,0.0000
08_break_moire.mp4,V6 Dynamic Boxing,70,0.0000
08_break_moire.mp4,V6 Dynamic Boxing,71,0.0000
08_break_moire.mp4,V6 Dynamic Boxing,72,0.0000
08_break_moire.mp4,V6 Dynamic Boxing,73,0.0000
08_break_moire.mp4,V6 Dynamic Boxing,74,0.0000
08_break_moire.mp4,V6 Dynamic Boxing,75,0.0000
08_break_moire.mp4,V6 Dynamic Boxing,76,0.0000
08_break_moire.mp4,V6 Dynamic Boxing,77,0.0000
08_break_moire.mp4,V6 Dynamic Boxing,78,0.0000
08_break_moire.mp4,V6 Dynamic Boxing,79,0.0000
08_break_moire.mp4,V6 Dynamic Boxing,80,0.0000
08_break_moire.mp4,V6 Dynamic Boxing,81,0.0000
08_break_moire.mp4,V6 Dynamic Boxing,82,0.0000
08_break_moire.mp4,V6 Dynamic Boxing,83,0.0000
08_break_moire.mp4,V6 Dynamic Boxing,84,0.0000
08_break_moire.mp4,V6 Dynamic Boxing,85,0.0000
08_break_moire.mp4,V6 Dynamic Boxing,86,0.0000
08_break_moire.mp4,V6 Dynamic Boxing,87,0.0000
08_break_moire.mp4,V6 Dynamic Boxing,88,0.0000
08_break_moire.mp4,V6 Dynamic Boxing,89,0.0000
09_scaling_ui.mp4,V6 Dynamic Boxing,0,0.0000
09_scaling_ui.mp4,V6 Dynamic Boxing,1,0.0627
09_scaling_ui.mp4,V6 Dynamic Boxing,2,0.1621
09_scaling_ui.mp4,V6 Dynamic Boxing,3,0.2563
09_scaling_ui.mp4,V6 Dynamic Boxing,4,0.2276
09_scaling_ui.mp4,V6 Dynamic Boxing,5,0.3735
09_scaling_ui.mp4,V6 Dynamic Boxing,6,0.2949
09_scaling_ui.mp4,V6 Dynamic Boxing,7,0.3152
09_scaling_ui.mp4,V6 Dynamic Boxing,8,0.3427
09_scaling_ui.mp4,V6 Dynamic Boxing,9,0.3700
09_scaling_ui.mp4,V6 Dynamic Boxing,10,0.3974
09_scaling_ui.mp4,V6 Dynamic Boxing,11,0.4228
09_scaling_ui.mp4,V6 Dynamic Boxing,12,0.4890
09_scaling_ui.mp4,V6 Dynamic Boxing,13,0.5208
09_scaling_ui.mp4,V6 Dynamic Boxing,14,0.5448
09_scaling_ui.mp4,V6 Dynamic Boxing,15,0.5663
09_scaling_ui.mp4,V6 Dynamic Boxing,16,0.5937
09_scaling_ui.mp4,V6 Dynamic Boxing,17,0.6239
09_scaling_ui.mp4,V6 Dynamic Boxing,18,0.6504
09_scaling_ui.mp4,V6 Dynamic Boxing,19,0.6741
09_scaling_ui.mp4,V6 Dynamic Boxing,20,0.7029
09_scaling_ui.mp4,V6 Dynamic Boxing,21,0.7852
09_scaling_ui.mp4,V6 Dynamic Boxing,22,0.6667
09_scaling_ui.mp4,V6 Dynamic Boxing,23,0.6956
09_scaling_ui.mp4,V6 Dynamic Boxing,24,0.7461
09_scaling_ui.mp4,V6 Dynamic Boxing,25,0.7698
09_scaling_ui.mp4,V6 Dynamic Boxing,26,0.7933
09_scaling_ui.mp4,V6 Dynamic Boxing,27,0.8105
09_scaling_ui.mp4,V6 Dynamic Boxing,28,0.8333
09_scaling_ui.mp4,V6 Dynamic Boxing,29,0.8611
09_scaling_ui.mp4,V6 Dynamic Boxing,30,0.9571
09_scaling_ui.mp4,V6 Dynamic Boxing,31,0.9128
09_scaling_ui.mp4,V6 Dynamic Boxing,32,0.9328
09_scaling_ui.mp4,V6 Dynamic Boxing,33,0.9522
09_scaling_ui.mp4,V6 Dynamic Boxing,34,0.9707
09_scaling_ui.mp4,V6 Dynamic Boxing,35,0.9840
09_scaling_ui.mp4,V6 Dynamic Boxing,36,1.0252
09_scaling_ui.mp4,V6 Dynamic Boxing,37,1.1599
09_scaling_ui.mp4,V6 Dynamic Boxing,38,1.0688
09_scaling_ui.mp4,V6 Dynamic Boxing,39,1.0788
09_scaling_ui.mp4,V6 Dynamic Boxing,40,1.0993
09_scaling_ui.mp4,V6 Dynamic Boxing,41,1.1011
09_scaling_ui.mp4,V6 Dynamic Boxing,42,1.1020
09_scaling_ui.mp4,V6 Dynamic Boxing,43,1.0996
09_scaling_ui.mp4,V6 Dynamic Boxing,44,1.1007
09_scaling_ui.mp4,V6 Dynamic Boxing,45,1.2153
09_scaling_ui.mp4,V6 Dynamic Boxing,46,1.1084
09_scaling_ui.mp4,V6 Dynamic Boxing,47,1.1012
09_scaling_ui.mp4,V6 Dynamic Boxing,48,1.1474
09_scaling_ui.mp4,V6 Dynamic Boxing,49,1.1541
09_scaling_ui.mp4,V6 Dynamic Boxing,50,1.1582
09_scaling_ui.mp4,V6 Dynamic Boxing,51,1.1615
09_scaling_ui.mp4,V6 Dynamic Boxing,52,1.1649
09_scaling_ui.mp4,V6 Dynamic Boxing,53,1.1425
09_scaling_ui.mp4,V6 Dynamic Boxing,54,1.1402
09_scaling_ui.mp4,V6 Dynamic Boxing,55,1.1321
09_scaling_ui.mp4,V6 Dynamic Boxing,56,1.1341
09_scaling_ui.mp4,V6 Dynamic Boxing,57,1.1357
09_scaling_ui.mp4,V6 Dynamic Boxing,58,1.1357
09_scaling_ui.mp4,V6 Dynamic Boxing,59,1.1326
09_scaling_ui.mp4,V6 Dynamic Boxing,60,1.1658
09_scaling_ui.mp4,V6 Dynamic Boxing,61,1.2816
09_scaling_ui.mp4,V6 Dynamic Boxing,62,1.1798
09_scaling_ui.mp4,V6 Dynamic Boxing,63,1.1723
09_scaling_ui.mp4,V6 Dynamic Boxing,64,1.1758
09_scaling_ui.mp4,V6 Dynamic Boxing,65,1.1788
09_scaling_ui.mp4,V6 Dynamic Boxing,66,1.1787
09_scaling_ui.mp4,V6 Dynamic Boxing,67,1.1760
09_scaling_ui.mp4,V6 Dynamic Boxing,68,1.1773
09_scaling_ui.mp4,V6 Dynamic Boxing,69,1.1550
09_scaling_ui.mp4,V6 Dynamic Boxing,70,1.4068
09_scaling_ui.mp4,V6 Dynamic Boxing,71,2.0157
09_scaling_ui.mp4,V6 Dynamic Boxing,72,3.3957
09_scaling_ui.mp4,V6 Dynamic Boxing,73,4.0392
09_scaling_ui.mp4,V6 Dynamic Boxing,74,4.7256
09_scaling_ui.mp4,V6 Dynamic Boxing,75,0.6909
09_scaling_ui.mp4,V6 Dynamic Boxing,76,0.8453
09_scaling_ui.mp4,V6 Dynamic Boxing,77,0.8646
09_scaling_ui.mp4,V6 Dynamic Boxing,78,0.7872
09_scaling_ui.mp4,V6 Dynamic Boxing,79,0.6968
09_scaling_ui.mp4,V6 Dynamic Boxing,80,0.7168
09_scaling_ui.mp4,V6 Dynamic Boxing,81,0.7449
09_scaling_ui.mp4,V6 Dynamic Boxing,82,0.7754
09_scaling_ui.mp4,V6 Dynamic Boxing,83,0.7973
09_scaling_ui.mp4,V6 Dynamic Boxing,84,0.8399
09_scaling_ui.mp4,V6 Dynamic Boxing,85,0.8920
09_scaling_ui.mp4,V6 Dynamic Boxing,86,1.0302
09_scaling_ui.mp4,V6 Dynamic Boxing,87,1.3473
09_scaling_ui.mp4,V6 Dynamic Boxing,88,2.5609
09_scaling_ui.mp4,V6 Dynamic Boxing,89,3.1538
2frames.mp4,V6 Dynamic Boxing,0,0.0000
2frames.mp4,V6 Dynamic Boxing,1,1.0395
2frames_cd.mp4,V6 Dynamic Boxing,0,0.0000
2frames_cd.mp4,V6 Dynamic Boxing,1,0.8646
ball.mp4,V6 Dynamic Boxing,0,0.0000
ball.mp4,V6 Dynamic Boxing,1,1.1178
ball.mp4,V6 Dynamic Boxing,2,1.3400
ball.mp4,V6 Dynamic Boxing,3,1.3579
ball.mp4,V6 Dynamic Boxing,4,1.3571
ball.mp4,V6 Dynamic Boxing,5,1.4181
ball.mp4,V6 Dynamic Boxing,6,1.4129
ball.mp4,V6 Dynamic Boxing,7,1.4625
ball.mp4,V6 Dynamic Boxing,8,1.3274
ball.mp4,V6 Dynamic Boxing,9,1.3390
ball.mp4,V6 Dynamic Boxing,10,1.3706
ball.mp4,V6 Dynamic Boxing,11,1.5727
ball.mp4,V6 Dynamic Boxing,12,1.4273
ball.mp4,V6 Dynamic Boxing,13,1.3978
ball.mp4,V6 Dynamic Boxing,14,1.5401
ball.mp4,V6 Dynamic Boxing,15,1.4462
ball.mp4,V6 Dynamic Boxing,16,1.6549
ball.mp4,V6 Dynamic Boxing,17,2.0037
ball.mp4,V6 Dynamic Boxing,18,2.4234
ball.mp4,V6 Dynamic Boxing,19,3.5536
ball.mp4,V6 Dynamic Boxing,20,4.2405
ball.mp4,V6 Dynamic Boxing,21,5.5524
ball.mp4,V6 Dynamic Boxing,22,8.2196
ball.mp4,V6 Dynamic Boxing,23,9.4672
ball.mp4,V6 Dynamic Boxing,24,16.2582
ball.mp4,V6 Dynamic Boxing,25,22.3097
ball.mp4,V6 Dynamic Boxing,26,27.3680
ball.mp4,V6 Dynamic Boxing,27,30.4566
ball.mp4,V6 Dynamic Boxing,28,35.1524
ball.mp4,V6 Dynamic Boxing,29,39.4791
ball.mp4,V6 Dynamic Boxing,30,43.8992
ball.mp4,V6 Dynamic Boxing,31,48.3120
ball.mp4,V6 Dynamic Boxing,32,53.0137
ball.mp4,V6 Dynamic Boxing,33,57.6851
ball.mp4,V6 Dynamic Boxing,34,60.5062
ball.mp4,V6 Dynamic Boxing,35,64.4084
ball.mp4,V6 Dynamic Boxing,36,68.0145
ball.mp4,V6 Dynamic Boxing,37,72.2979
ball.mp4,V6 Dynamic Boxing,38,74.7150
ball.mp4,V6 Dynamic Boxing,39,78.3949
ball.mp4,V6 Dynamic Boxing,40,82.5460
ball.mp4,V6 Dynamic Boxing,41,84.8205
ball.mp4,V6 Dynamic Boxing,42,89.0120
ball.mp4,V6 Dynamic Boxing,43,91.4046
ball.mp4,V6 Dynamic Boxing,44,96.5071
ball.mp4,V6 Dynamic Boxing,45,98.0870
ball.mp4,V6 Dynamic Boxing,46,100.2807
ball.mp4,V6 Dynamic Boxing,47,104.5470
ball.mp4,V6 Dynamic Boxing,48,104.4050
ball.mp4,V6 Dynamic Boxing,49,106.1651
ball.mp4,V6 Dynamic Boxing,50,106.5664
ball.mp4,V6 Dynamic Boxing,51,106.5530
ball.mp4,V6 Dynamic Boxing,52,106.4482
ball.mp4,V6 Dynamic Boxing,53,105.2419
ball.mp4,V6 Dynamic Boxing,54,104.4200
ball.mp4,V6 Dynamic Boxing,55,104.4236
ball.mp4,V6 Dynamic Boxing,56,99.4008
ball.mp4,V6 Dynamic Boxing,57,97.1111
ball.mp4,V6 Dynamic Boxing,58,96.4109
ball.mp4,V6 Dynamic Boxing,59,93.6229
ball.mp4,V6 Dynamic Boxing,60,93.5339
ball.mp4,V6 Dynamic Boxing,61,92.6972
ball.mp4,V6 Dynamic Boxing,62,93.5214
ball.mp4,V6 Dynamic Boxing,63,97.8463
ball.mp4,V6 Dynamic Boxing,64,105.3617
ball.mp4,V6 Dynamic Boxing,65,109.6652
ball.mp4,V6 Dynamic Boxing,66,117.2397
ball.mp4,V6 Dynamic Boxing,67,125.8640
ball.mp4,V6 Dynamic Boxing,68,136.7653
ball.mp4,V6 Dynamic Boxing,69,151.3207
ball.mp4,V6 Dynamic Boxing,70,167.1521
ball.mp4,V6 Dynamic Boxing,71,183.5108
ball.mp4,V6 Dynamic Boxing,72,200.3146
ball.mp4,V6 Dynamic Boxing,73,211.6236
ball.mp4,V6 Dynamic Boxing,74,233.0294
ball.mp4,V6 Dynamic Boxing,75,250.2657
ball.mp4,V6 Dynamic Boxing,76,268.2838
ball.mp4,V6 Dynamic Boxing,77,284.2837
ball.mp4,V6 Dynamic Boxing,78,295.5382
ball.mp4,V6 Dynamic Boxing,79,310.2720
ball.mp4,V6 Dynamic Boxing,80,329.0997
ball.mp4,V6 Dynamic Boxing,81,335.7936
ball.mp4,V6 Dynamic Boxing,82,347.4590
ball.mp4,V6 Dynamic Boxing,83,358.6932
ball.mp4,V6 Dynamic Boxing,84,369.2161
ball.mp4,V6 Dynamic Boxing,85,388.4121
ball.mp4,V6 Dynamic Boxing,86,410.1411
ball.mp4,V6 Dynamic Boxing,87,415.3710
ball.mp4,V6 Dynamic Boxing,88,421.1546
ball.mp4,V6 Dynamic Boxing,89,424.6254
ball.mp4,V6 Dynamic Boxing,90,433.4855
ball.mp4,V6 Dynamic Boxing,91,442.5313
ball.mp4,V6 Dynamic Boxing,92,464.9746
ball.mp4,V6 Dynamic Boxing,93,480.4883
ball.mp4,V6 Dynamic Boxing,94,483.5176
ball.mp4,V6 Dynamic Boxing,95,513.8768
ball.mp4,V6 Dynamic Boxing,96,560.8154
ball.mp4,V6 Dynamic Boxing,97,636.2418
ball.mp4,V6 Dynamic Boxing,98,694.4384
ball.mp4,V6 Dynamic Boxing,99,904.0264
ball.mp4,V6 Dynamic Boxing,100,1251.0857
countdown.mp4,V6 Dynamic Boxing,0,0.0000
countdown.mp4,V6 Dynamic Boxing,1,0.0017
countdown.mp4,V6 Dynamic Boxing,2,0.0020
countdown.mp4,V6 Dynamic Boxing,3,0.0025
countdown.mp4,V6 Dynamic Boxing,4,0.0036
countdown.mp4,V6 Dynamic Boxing,5,0.0035
countdown.mp4,V6 Dynamic Boxing,6,0.0035
countdown.mp4,V6 Dynamic Boxing,7,0.0035
countdown.mp4,V6 Dynamic Boxing,8,0.0041
countdown.mp4,V6 Dynamic Boxing,9,0.0041
countdown.mp4,V6 Dynamic Boxing,10,0.0041
countdown.mp4,V6 Dynamic Boxing,11,0.0041
countdown.mp4,V6 Dynamic Boxing,12,0.0042
countdown.mp4,V6 Dynamic Boxing,13,0.0043
countdown.mp4,V6 Dynamic Boxing,14,0.0043
countdown.mp4,V6 Dynamic Boxing,15,0.0043
countdown.mp4,V6 Dynamic Boxing,16,0.0043
countdown.mp4,V6 Dynamic Boxing,17,0.0043
countdown.mp4,V6 Dynamic Boxing,18,0.0043
countdown.mp4,V6 Dynamic Boxing,19,0.0043
countdown.mp4,V6 Dynamic Boxing,20,0.0043
countdown.mp4,V6 Dynamic Boxing,21,0.0046
countdown.mp4,V6 Dynamic Boxing,22,0.0053
countdown.mp4,V6 Dynamic Boxing,23,0.0054
countdown.mp4,V6 Dynamic Boxing,24,0.0055
countdown.mp4,V6 Dynamic Boxing,25,0.0055
countdown.mp4,V6 Dynamic Boxing,26,0.0055
countdown.mp4,V6 Dynamic Boxing,27,0.0055
countdown.mp4,V6 Dynamic Boxing,28,0.0056
countdown.mp4,V6 Dynamic Boxing,29,0.0055
countdown.mp4,V6 Dynamic Boxing,30,0.0055
countdown.mp4,V6 Dynamic Boxing,31,0.0055
countdown.mp4,V6 Dynamic Boxing,32,0.0056
countdown.mp4,V6 Dynamic Boxing,33,0.0058
countdown.mp4,V6 Dynamic Boxing,34,0.0058
countdown.mp4,V6 Dynamic Boxing,35,0.0058
countdown.mp4,V6 Dynamic Boxing,36,0.0059
countdown.mp4,V6 Dynamic Boxing,37,0.0058
countdown.mp4,V6 Dynamic Boxing,38,0.0058
countdown.mp4,V6 Dynamic Boxing,39,0.0058
countdown.mp4,V6 Dynamic Boxing,40,0.0058
countdown.mp4,V6 Dynamic Boxing,41,0.0058
countdown.mp4,V6 Dynamic Boxing,42,6.1604
countdown.mp4,V6 Dynamic Boxing,43,4.4071
countdown.mp4,V6 Dynamic Boxing,44,6.8814
countdown.mp4,V6 Dynamic Boxing,45,3.8795
countdown.mp4,V6 Dynamic Boxing,46,6.0675
countdown.mp4,V6 Dynamic Boxing,47,3.0043
countdown.mp4,V6 Dynamic Boxing,48,2.6373
countdown.mp4,V6 Dynamic Boxing,49,2.5773
countdown.mp4,V6 Dynamic Boxing,50,2.5453
countdown.mp4,V6 Dynamic Boxing,51,2.5349
countdown.mp4,V6 Dynamic Boxing,52,2.5271
countdown.mp4,V6 Dynamic Boxing,53,2.5215
countdown.mp4,V6 Dynamic Boxing,54,2.5198
countdown.mp4,V6 Dynamic Boxing,55,2.5186
countdown.mp4,V6 Dynamic Boxing,56,2.5188
countdown.mp4,V6 Dynamic Boxing,57,2.5193
countdown.mp4,V6 Dynamic Boxing,58,2.5194
countdown.mp4,V6 Dynamic Boxing,59,2.5200
countdown.mp4,V6 Dynamic Boxing,60,2.5198
countdown.mp4,V6 Dynamic Boxing,61,2.5201
countdown.mp4,V6 Dynamic Boxing,62,2.5198
countdown.mp4,V6 Dynamic Boxing,63,2.5203
countdown.mp4,V6 Dynamic Boxing,64,2.5204
countdown.mp4,V6 Dynamic Boxing,65,2.5208
countdown.mp4,V6 Dynamic Boxing,66,2.5204
countdown.mp4,V6 Dynamic Boxing,67,2.5208
countdown.mp4,V6 Dynamic Boxing,68,2.5206
countdown.mp4,V6 Dynamic Boxing,69,2.5209
countdown.mp4,V6 Dynamic Boxing,70,2.5206
countdown.mp4,V6 Dynamic Boxing,71,2.5206
countdown.mp4,V6 Dynamic Boxing,72,2.5206
countdown.mp4,V6 Dynamic Boxing,73,2.5209
countdown.mp4,V6 Dynamic Boxing,74,2.5205
countdown.mp4,V6 Dynamic Boxing,75,2.5210
countdown.mp4,V6 Dynamic Boxing,76,2.5207
countdown.mp4,V6 Dynamic Boxing,77,2.5211
countdown.mp4,V6 Dynamic Boxing,78,2.5207
countdown.mp4,V6 Dynamic Boxing,79,2.5208
countdown.mp4,V6 Dynamic Boxing,80,2.5203
countdown.mp4,V6 Dynamic Boxing,81,2.5201
countdown.mp4,V6 Dynamic Boxing,82,2.5201
countdown.mp4,V6 Dynamic Boxing,83,4.9717
countdown.mp4,V6 Dynamic Boxing,84,3.6170
countdown.mp4,V6 Dynamic Boxing,85,5.2469
countdown.mp4,V6 Dynamic Boxing,86,3.6920
countdown.mp4,V6 Dynamic Boxing,87,6.2033
countdown.mp4,V6 Dynamic Boxing,88,13.3572
countdown.mp4,V6 Dynamic Boxing,89,13.0498
countdown.mp4,V6 Dynamic Boxing,90,12.9807
countdown.mp4,V6 Dynamic Boxing,91,12.9601
countdown.mp4,V6 Dynamic Boxing,92,12.9511
countdown.mp4,V6 Dynamic Boxing,93,12.9471
countdown.mp4,V6 Dynamic Boxing,94,12.9461
countdown.mp4,V6 Dynamic Boxing,95,12.9440
countdown.mp4,V6 Dynamic Boxing,96,12.9458
countdown.mp4,V6 Dynamic Boxing,97,12.9453
countdown.mp4,V6 Dynamic Boxing,98,12.9457
countdown.mp4,V6 Dynamic Boxing,99,12.9452
countdown.mp4,V6 Dynamic Boxing,100,12.9444
countdown.mp4,V6 Dynamic Boxing,101,12.9440
countdown.mp4,V6 Dynamic Boxing,102,12.9436
countdown.mp4,V6 Dynamic Boxing,103,12.9430
countdown.mp4,V6 Dynamic Boxing,104,12.9435
countdown.mp4,V6 Dynamic Boxing,105,12.9432
countdown.mp4,V6 Dynamic Boxing,106,12.9432
countdown.mp4,V6 Dynamic Boxing,107,12.9424
countdown.mp4,V6 Dynamic Boxing,108,12.9434
countdown.mp4,V6 Dynamic Boxing,109,12.9433
countdown.mp4,V6 Dynamic Boxing,110,12.9436
countdown.mp4,V6 Dynamic Boxing,111,12.9431
countdown.mp4,V6 Dynamic Boxing,112,12.9437
countdown.mp4,V6 Dynamic Boxing,113,12.9435
countdown.mp4,V6 Dynamic Boxing,114,12.9437
countdown.mp4,V6 Dynamic Boxing,115,12.9432
countdown.mp4,V6 Dynamic Boxing,116,12.9438
countdown.mp4,V6 Dynamic Boxing,117,12.9436
countdown.mp4,V6 Dynamic Boxing,118,12.9438
countdown.mp4,V6 Dynamic Boxing,119,12.9432
countdown.mp4,V6 Dynamic Boxing,120,12.9437
countdown.mp4,V6 Dynamic Boxing,121,12.9435
countdown.mp4,V6 Dynamic Boxing,122,12.9437
countdown.mp4,V6 Dynamic Boxing,123,12.9431
countdown.mp4,V6 Dynamic Boxing,124,14.9547
countdown.mp4,V6 Dynamic Boxing,125,11.3933
countdown.mp4,V6 Dynamic Boxing,126,14.0773
countdown.mp4,V6 Dynamic Boxing,127,12.0478
countdown.mp4,V6 Dynamic Boxing,128,16.0447
countdown.mp4,V6 Dynamic Boxing,129,85.9500
countdown.mp4,V6 Dynamic Boxing,130,93.2606
countdown.mp4,V6 Dynamic Boxing,131,93.1682
countdown.mp4,V6 Dynamic Boxing,132,93.1323
countdown.mp4,V6 Dynamic Boxing,133,93.0932
countdown.mp4,V6 Dynamic Boxing,134,93.0836
countdown.mp4,V6 Dynamic Boxing,135,93.0790
countdown.mp4,V6 Dynamic Boxing,136,93.0780
countdown.mp4,V6 Dynamic Boxing,137,93.0751
countdown.mp4,V6 Dynamic Boxing,138,93.0750
countdown.mp4,V6 Dynamic Boxing,139,93.0744
countdown.mp4,V6 Dynamic Boxing,140,93.0745
countdown.mp4,V6 Dynamic Boxing,141,93.0728
countdown.mp4,V6 Dynamic Boxing,142,93.0746
countdown.mp4,V6 Dynamic Boxing,143,93.0746
countdown.mp4,V6 Dynamic Boxing,144,93.0747
countdown.mp4,V6 Dynamic Boxing,145,93.0728
countdown.mp4,V6 Dynamic Boxing,146,93.0746
countdown.mp4,V6 Dynamic Boxing,147,93.0746
countdown.mp4,V6 Dynamic Boxing,148,93.0746
countdown.mp4,V6 Dynamic Boxing,149,93.0728
countdown.mp4,V6 Dynamic Boxing,150,93.0746
countdown.mp4,V6 Dynamic Boxing,151,93.0746
countdown.mp4,V6 Dynamic Boxing,152,93.0746
countdown.mp4,V6 Dynamic Boxing,153,93.0728
countdown.mp4,V6 Dynamic Boxing,154,93.0735
countdown.mp4,V6 Dynamic Boxing,155,93.0733
countdown.mp4,V6 Dynamic Boxing,156,93.0730
countdown.mp4,V6 Dynamic Boxing,157,93.0708
countdown.mp4,V6 Dynamic Boxing,158,93.0725
countdown.mp4,V6 Dynamic Boxing,159,93.0727
countdown.mp4,V6 Dynamic Boxing,160,93.0721
countdown.mp4,V6 Dynamic Boxing,161,93.0703
countdown.mp4,V6 Dynamic Boxing,162,93.0749
countdown.mp4,V6 Dynamic Boxing,163,93.0751
countdown.mp4,V6 Dynamic Boxing,164,93.0750
countdown.mp4,V6 Dynamic Boxing,165,10.2653
countdown.mp4,V6 Dynamic Boxing,166,5.7313
countdown.mp4,V6 Dynamic Boxing,167,7.6216
countdown.mp4,V6 Dynamic Boxing,168,5.6261
countdown.mp4,V6 Dynamic Boxing,169,8.9486
countdown.mp4,V6 Dynamic Boxing,170,23.0801
countdown.mp4,V6 Dynamic Boxing,171,22.5953
countdown.mp4,V6 Dynamic Boxing,172,22.4999
countdown.mp4,V6 Dynamic Boxing,173,22.4696
countdown.mp4,V6 Dynamic Boxing,174,22.4624
countdown.mp4,V6 Dynamic Boxing,175,22.4603
countdown.mp4,V6 Dynamic Boxing,176,22.4605
countdown.mp4,V6 Dynamic Boxing,177,22.4593
countdown.mp4,V6 Dynamic Boxing,178,22.4608
countdown.mp4,V6 Dynamic Boxing,179,22.4600
countdown.mp4,V6 Dynamic Boxing,180,22.4603
countdown.mp4,V6 Dynamic Boxing,181,22.4586
countdown.mp4,V6 Dynamic Boxing,182,22.4604
countdown.mp4,V6 Dynamic Boxing,183,22.4607
countdown.mp4,V6 Dynamic Boxing,184,22.4610
countdown.mp4,V6 Dynamic Boxing,185,22.4611
countdown.mp4,V6 Dynamic Boxing,186,22.4622
countdown.mp4,V6 Dynamic Boxing,187,22.4620
countdown.mp4,V6 Dynamic Boxing,188,22.4622
countdown.mp4,V6 Dynamic Boxing,189,22.4610
countdown.mp4,V6 Dynamic Boxing,190,22.4635
countdown.mp4,V6 Dynamic Boxing,191,22.4637
countdown.mp4,V6 Dynamic Boxing,192,22.4634
countdown.mp4,V6 Dynamic Boxing,193,22.4595
countdown.mp4,V6 Dynamic Boxing,194,22.4603
countdown.mp4,V6 Dynamic Boxing,195,22.4606
countdown.mp4,V6 Dynamic Boxing,196,22.4604
countdown.mp4,V6 Dynamic Boxing,197,22.4592
countdown.mp4,V6 Dynamic Boxing,198,22.4607
countdown.mp4,V6 Dynamic Boxing,199,22.4607
countdown.mp4,V6 Dynamic Boxing,200,22.4607
countdown.mp4,V6 Dynamic Boxing,201,22.4595
countdown.mp4,V6 Dynamic Boxing,202,22.4607
countdown.mp4,V6 Dynamic Boxing,203,22.4607
countdown.mp4,V6 Dynamic Boxing,204,22.4607
countdown.mp4,V6 Dynamic Boxing,205,22.4596
countdown.mp4,V6 Dynamic Boxing,206,25.4819
countdown.mp4,V6 Dynamic Boxing,207,20.0011
countdown.mp4,V6 Dynamic Boxing,208,22.6051
countdown.mp4,V6 Dynamic Boxing,209,20.4704
countdown.mp4,V6 Dynamic Boxing,210,24.0992
countdown.mp4,V6 Dynamic Boxing,211,31.1062
countdown.mp4,V6 Dynamic Boxing,212,30.7380
countdown.mp4,V6 Dynamic Boxing,213,30.6904
countdown.mp4,V6 Dynamic Boxing,214,30.6598
countdown.mp4,V6 Dynamic Boxing,215,30.6388
countdown.mp4,V6 Dynamic Boxing,216,30.6143
countdown.mp4,V6 Dynamic Boxing,217,30.6065
countdown.mp4,V6 Dynamic Boxing,218,30.6017
countdown.mp4,V6 Dynamic Boxing,219,30.5989
countdown.mp4,V6 Dynamic Boxing,220,30.6010
countdown.mp4,V6 Dynamic Boxing,221,30.6009
countdown.mp4,V6 Dynamic Boxing,222,30.6005
countdown.mp4,V6 Dynamic Boxing,223,30.5951
countdown.mp4,V6 Dynamic Boxing,224,30.6004
countdown.mp4,V6 Dynamic Boxing,225,30.6003
countdown.mp4,V6 Dynamic Boxing,226,30.6001
countdown.mp4,V6 Dynamic Boxing,227,30.5937
countdown.mp4,V6 Dynamic Boxing,228,30.5988
countdown.mp4,V6 Dynamic Boxing,229,30.5990
countdown.mp4,V6 Dynamic Boxing,230,30.5978
countdown.mp4,V6 Dynamic Boxing,231,30.5953
countdown.mp4,V6 Dynamic Boxing,232,30.5975
countdown.mp4,V6 Dynamic Boxing,233,30.5977
countdown.mp4,V6 Dynamic Boxing,234,30.5975
countdown.mp4,V6 Dynamic Boxing,235,30.5955
countdown.mp4,V6 Dynamic Boxing,236,30.5978
countdown.mp4,V6 Dynamic Boxing,237,30.5981
countdown.mp4,V6 Dynamic Boxing,238,30.5977
countdown.mp4,V6 Dynamic Boxing,239,30.5963
countdown.mp4,V6 Dynamic Boxing,240,30.5987
countdown.mp4,V6 Dynamic Boxing,241,30.5989
countdown.mp4,V6 Dynamic Boxing,242,30.5985
countdown.mp4,V6 Dynamic Boxing,243,30.5981
countdown.mp4,V6 Dynamic Boxing,244,30.6034
countdown.mp4,V6 Dynamic Boxing,245,30.6032
countdown.mp4,V6 Dynamic Boxing,246,30.6029
countdown.mp4,V6 Dynamic Boxing,247,18.5703
countdown.mp4,V6 Dynamic Boxing,248,13.0820
countdown.mp4,V6 Dynamic Boxing,249,13.6197
countdown.mp4,V6 Dynamic Boxing,250,12.4486
countdown.mp4,V6 Dynamic Boxing,251,13.7006
countdown.mp4,V6 Dynamic Boxing,252,38.4419
countdown.mp4,V6 Dynamic Boxing,253,38.0863
countdown.mp4,V6 Dynamic Boxing,254,37.9973
countdown.mp4,V6 Dynamic Boxing,255,37.9659
countdown.mp4,V6 Dynamic Boxing,256,37.9414
countdown.mp4,V6 Dynamic Boxing,257,37.9410
countdown.mp4,V6 Dynamic Boxing,258,37.9404
countdown.mp4,V6 Dynamic Boxing,259,37.9381
countdown.mp4,V6 Dynamic Boxing,260,37.9296
countdown.mp4,V6 Dynamic Boxing,261,37.9278
countdown.mp4,V6 Dynamic Boxing,262,37.9278
countdown.mp4,V6 Dynamic Boxing,263,37.9281
countdown.mp4,V6 Dynamic Boxing,264,37.9291
countdown.mp4,V6 Dynamic Boxing,265,37.9385
countdown.mp4,V6 Dynamic Boxing,266,37.9382
countdown.mp4,V6 Dynamic Boxing,267,37.9381
countdown.mp4,V6 Dynamic Boxing,268,37.9392
countdown.mp4,V6 Dynamic Boxing,269,37.9370
countdown.mp4,V6 Dynamic Boxing,270,37.9370
countdown.mp4,V6 Dynamic Boxing,271,37.9368
countdown.mp4,V6 Dynamic Boxing,272,37.9387
countdown.mp4,V6 Dynamic Boxing,273,37.9472
countdown.mp4,V6 Dynamic Boxing,274,37.9472
countdown.mp4,V6 Dynamic Boxing,275,37.9472
countdown.mp4,V6 Dynamic Boxing,276,37.9489
countdown.mp4,V6 Dynamic Boxing,277,37.9470
countdown.mp4,V6 Dynamic Boxing,278,37.9471
countdown.mp4,V6 Dynamic Boxing,279,37.9470
countdown.mp4,V6 Dynamic Boxing,280,37.9492
countdown.mp4,V6 Dynamic Boxing,281,37.9472
countdown.mp4,V6 Dynamic Boxing,282,37.9471
countdown.mp4,V6 Dynamic Boxing,283,37.9471
countdown.mp4,V6 Dynamic Boxing,284,37.9490
countdown.mp4,V6 Dynamic Boxing,285,37.9456
countdown.mp4,V6 Dynamic Boxing,286,37.9463
countdown.mp4,V6 Dynamic Boxing,287,37.9564
countdown.mp4,V6 Dynamic Boxing,288,16.8724
countdown.mp4,V6 Dynamic Boxing,289,14.2318
countdown.mp4,V6 Dynamic Boxing,290,16.0299
countdown.mp4,V6 Dynamic Boxing,291,13.2062
countdown.mp4,V6 Dynamic Boxing,292,15.8891
countdown.mp4,V6 Dynamic Boxing,293,57.2850
countdown.mp4,V6 Dynamic Boxing,294,59.1603
countdown.mp4,V6 Dynamic Boxing,295,59.1156
countdown.mp4,V6 Dynamic Boxing,296,59.1028
countdown.mp4,V6 Dynamic Boxing,297,59.1076
countdown.mp4,V6 Dynamic Boxing,298,59.1069
countdown.mp4,V6 Dynamic Boxing,299,59.1068
countdown.mp4,V6 Dynamic Boxing,300,59.1020
countdown.mp4,V6 Dynamic Boxing,301,59.1086
countdown.mp4,V6 Dynamic Boxing,302,59.1076
countdown.mp4,V6 Dynamic Boxing,303,59.1065
countdown.mp4,V6 Dynamic Boxing,304,59.1024
countdown.mp4,V6 Dynamic Boxing,305,59.1086
countdown.mp4,V6 Dynamic Boxing,306,59.1093
countdown.mp4,V6 Dynamic Boxing,307,59.1086
countdown.mp4,V6 Dynamic Boxing,308,59.1038
countdown.mp4,V6 Dynamic Boxing,309,59.1096
countdown.mp4,V6 Dynamic Boxing,310,59.1103
countdown.mp4,V6 Dynamic Boxing,311,59.1096
countdown.mp4,V6 Dynamic Boxing,312,59.1038
countdown.mp4,V6 Dynamic Boxing,313,59.1095
countdown.mp4,V6 Dynamic Boxing,314,59.1103
countdown.mp4,V6 Dynamic Boxing,315,59.1097
countdown.mp4,V6 Dynamic Boxing,316,59.1043
countdown.mp4,V6 Dynamic Boxing,317,59.1103
countdown.mp4,V6 Dynamic Boxing,318,59.1107
countdown.mp4,V6 Dynamic Boxing,319,59.1102
countdown.mp4,V6 Dynamic Boxing,320,59.1052
countdown.mp4,V6 Dynamic Boxing,321,59.1118
countdown.mp4,V6 Dynamic Boxing,322,59.1125
countdown.mp4,V6 Dynamic Boxing,323,59.1090
countdown.mp4,V6 Dynamic Boxing,324,59.1032
countdown.mp4,V6 Dynamic Boxing,325,59.1090
countdown.mp4,V6 Dynamic Boxing,326,59.1096
countdown.mp4,V6 Dynamic Boxing,327,59.1089
countdown.mp4,V6 Dynamic Boxing,328,59.1034
countdown.mp4,V6 Dynamic Boxing,329,50.5491
countdown.mp4,V6 Dynamic Boxing,330,48.5198
countdown.mp4,V6 Dynamic Boxing,331,50.2049
countdown.mp4,V6 Dynamic Boxing,332,48.2088
countdown.mp4,V6 Dynamic Boxing,333,51.0054
countdown.mp4,V6 Dynamic Boxing,334,60.1328
countdown.mp4,V6 Dynamic Boxing,335,62.5020
countdown.mp4,V6 Dynamic Boxing,336,62.4072
countdown.mp4,V6 Dynamic Boxing,337,62.3829
countdown.mp4,V6 Dynamic Boxing,338,62.3756
countdown.mp4,V6 Dynamic Boxing,339,62.3736
countdown.mp4,V6 Dynamic Boxing,340,62.3726
countdown.mp4,V6 Dynamic Boxing,341,62.3721
countdown.mp4,V6 Dynamic Boxing,342,62.3696
countdown.mp4,V6 Dynamic Boxing,343,62.3696
countdown.mp4,V6 Dynamic Boxing,344,62.3717
countdown.mp4,V6 Dynamic Boxing,345,62.3724
countdown.mp4,V6 Dynamic Boxing,346,62.3728
countdown.mp4,V6 Dynamic Boxing,347,62.3719
countdown.mp4,V6 Dynamic Boxing,348,62.3717
countdown.mp4,V6 Dynamic Boxing,349,62.3719
countdown.mp4,V6 Dynamic Boxing,350,62.3704
countdown.mp4,V6 Dynamic Boxing,351,62.3722
countdown.mp4,V6 Dynamic Boxing,352,62.3714
countdown.mp4,V6 Dynamic Boxing,353,62.3723
countdown.mp4,V6 Dynamic Boxing,354,62.3709
countdown.mp4,V6 Dynamic Boxing,355,62.3725
countdown.mp4,V6 Dynamic Boxing,356,62.3722
countdown.mp4,V6 Dynamic Boxing,357,62.3725
countdown.mp4,V6 Dynamic Boxing,358,62.3707
countdown.mp4,V6 Dynamic Boxing,359,62.3731
countdown.mp4,V6 Dynamic Boxing,360,62.3727
countdown.mp4,V6 Dynamic Boxing,361,62.3728
countdown.mp4,V6 Dynamic Boxing,362,62.3702
countdown.mp4,V6 Dynamic Boxing,363,62.3717
countdown.mp4,V6 Dynamic Boxing,364,62.3708
countdown.mp4,V6 Dynamic Boxing,365,62.3713
countdown.mp4,V6 Dynamic Boxing,366,62.3696
countdown.mp4,V6 Dynamic Boxing,367,62.3707
countdown.mp4,V6 Dynamic Boxing,368,62.3714
countdown.mp4,V6 Dynamic Boxing,369,62.3764
countdown.mp4,V6 Dynamic Boxing,370,56.0831
countdown.mp4,V6 Dynamic Boxing,371,48.6379
countdown.mp4,V6 Dynamic Boxing,372,49.9272
countdown.mp4,V6 Dynamic Boxing,373,49.2263
countdown.mp4,V6 Dynamic Boxing,374,55.3344
countdown.mp4,V6 Dynamic Boxing,375,124.2949
countdown.mp4,V6 Dynamic Boxing,376,128.4049
countdown.mp4,V6 Dynamic Boxing,377,128.3238
countdown.mp4,V6 Dynamic Boxing,378,128.2780
countdown.mp4,V6 Dynamic Boxing,379,128.2713
countdown.mp4,V6 Dynamic Boxing,380,128.2598
countdown.mp4,V6 Dynamic Boxing,381,128.2523
countdown.mp4,V6 Dynamic Boxing,382,128.2305
countdown.mp4,V6 Dynamic Boxing,383,128.2448
countdown.mp4,V6 Dynamic Boxing,384,128.2434
countdown.mp4,V6 Dynamic Boxing,385,128.2453
countdown.mp4,V6 Dynamic Boxing,386,128.2308
countdown.mp4,V6 Dynamic Boxing,387,128.2465
countdown.mp4,V6 Dynamic Boxing,388,128.2458
countdown.mp4,V6 Dynamic Boxing,389,128.2459
countdown.mp4,V6 Dynamic Boxing,390,128.2354
countdown.mp4,V6 Dynamic Boxing,391,128.2484
countdown.mp4,V6 Dynamic Boxing,392,128.2477
countdown.mp4,V6 Dynamic Boxing,393,128.2482
countdown.mp4,V6 Dynamic Boxing,394,128.2395
countdown.mp4,V6 Dynamic Boxing,395,128.2517
countdown.mp4,V6 Dynamic Boxing,396,128.2507
countdown.mp4,V6 Dynamic Boxing,397,128.2513
countdown.mp4,V6 Dynamic Boxing,398,128.2349
countdown.mp4,V6 Dynamic Boxing,399,128.2505
countdown.mp4,V6 Dynamic Boxing,400,128.2497
countdown.mp4,V6 Dynamic Boxing,401,128.2493
countdown.mp4,V6 Dynamic Boxing,402,128.2313
countdown.mp4,V6 Dynamic Boxing,403,128.2468
countdown.mp4,V6 Dynamic Boxing,404,128.2473
countdown.mp4,V6 Dynamic Boxing,405,128.2467
countdown.mp4,V6 Dynamic Boxing,406,128.2285
countdown.mp4,V6 Dynamic Boxing,407,128.2471
countdown.mp4,V6 Dynamic Boxing,408,128.2465
countdown.mp4,V6 Dynamic Boxing,409,128.2466
countdown.mp4,V6 Dynamic Boxing,410,128.2296
countdown.mp4,V6 Dynamic Boxing,411,16.9311
countdown.mp4,V6 Dynamic Boxing,412,14.0553
countdown.mp4,V6 Dynamic Boxing,413,15.7970
countdown.mp4,V6 Dynamic Boxing,414,14.6628
countdown.mp4,V6 Dynamic Boxing,415,14.1758
countdown.mp4,V6 Dynamic Boxing,416,54.4025
countdown.mp4,V6 Dynamic Boxing,417,53.9868
countdown.mp4,V6 Dynamic Boxing,418,53.8886
countdown.mp4,V6 Dynamic Boxing,419,53.8510
countdown.mp4,V6 Dynamic Boxing,420,53.8214
countdown.mp4,V6 Dynamic Boxing,421,53.8213
countdown.mp4,V6 Dynamic Boxing,422,53.8155
countdown.mp4,V6 Dynamic Boxing,423,53.8111
countdown.mp4,V6 Dynamic Boxing,424,53.8040
countdown.mp4,V6 Dynamic Boxing,425,53.8108
countdown.mp4,V6 Dynamic Boxing,426,53.8099
countdown.mp4,V6 Dynamic Boxing,427,53.8099
countdown.mp4,V6 Dynamic Boxing,428,53.8026
countdown.mp4,V6 Dynamic Boxing,429,53.8097
countdown.mp4,V6 Dynamic Boxing,430,53.8097
countdown.mp4,V6 Dynamic Boxing,431,53.8097
countdown.mp4,V6 Dynamic Boxing,432,53.8023
countdown.mp4,V6 Dynamic Boxing,433,53.8097
countdown.mp4,V6 Dynamic Boxing,434,53.8097
countdown.mp4,V6 Dynamic Boxing,435,53.8097
countdown.mp4,V6 Dynamic Boxing,436,53.8023
countdown.mp4,V6 Dynamic Boxing,437,53.8097
countdown.mp4,V6 Dynamic Boxing,438,53.8093
countdown.mp4,V6 Dynamic Boxing,439,53.8093
countdown.mp4,V6 Dynamic Boxing,440,53.8063
countdown.mp4,V6 Dynamic Boxing,441,53.8136
countdown.mp4,V6 Dynamic Boxing,442,53.8136
countdown.mp4,V6 Dynamic Boxing,443,53.8136
countdown.mp4,V6 Dynamic Boxing,444,53.8063
countdown.mp4,V6 Dynamic Boxing,445,53.8137
countdown.mp4,V6 Dynamic Boxing,446,53.8137
countdown.mp4,V6 Dynamic Boxing,447,53.8138
countdown.mp4,V6 Dynamic Boxing,448,53.8065
countdown.mp4,V6 Dynamic Boxing,449,53.8166
countdown.mp4,V6 Dynamic Boxing,450,53.8166
countdown.mp4,V6 Dynamic Boxing,451,53.8173
countdown.mp4,V6 Dynamic Boxing,452,51.2440
countdown.mp4,V6 Dynamic Boxing,453,44.1177
countdown.mp4,V6 Dynamic Boxing,454,42.9938
countdown.mp4,V6 Dynamic Boxing,455,45.2120
countdown.mp4,V6 Dynamic Boxing,456,47.0692
countdown.mp4,V6 Dynamic Boxing,457,72.4092
countdown.mp4,V6 Dynamic Boxing,458,72.9092
countdown.mp4,V6 Dynamic Boxing,459,75.7880
countdown.mp4,V6 Dynamic Boxing,460,74.6222
countdown.mp4,V6 Dynamic Boxing,461,73.8089
countdown.mp4,V6 Dynamic Boxing,462,70.7853
countdown.mp4,V6 Dynamic Boxing,463,68.2163
countdown.mp4,V6 Dynamic Boxing,464,76.3973
countdown.mp4,V6 Dynamic Boxing,465,69.1165
countdown.mp4,V6 Dynamic Boxing,466,74.3409
countdown.mp4,V6 Dynamic Boxing,467,71.8176
countdown.mp4,V6 Dynamic Boxing,468,65.0495
countdown.mp4,V6 Dynamic Boxing,469,69.8178
countdown.mp4,V6 Dynamic Boxing,470,62.4747
countdown.mp4,V6 Dynamic Boxing,471,75.1936
countdown.mp4,V6 Dynamic Boxing,472,74.6609
countdown.mp4,V6 Dynamic Boxing,473,76.1605
countdown.mp4,V6 Dynamic Boxing,474,76.7083
countdown.mp4,V6 Dynamic Boxing,475,76.4363
countdown.mp4,V6 Dynamic Boxing,476,71.7682
countdown.mp4,V6 Dynamic Boxing,477,64.7401
countdown.mp4,V6 Dynamic Boxing,478,65.2808
countdown.mp4,V6 Dynamic Boxing,479,71.9398
countdown.mp4,V6 Dynamic Boxing,480,64.8534
countdown.mp4,V6 Dynamic Boxing,481,69.5530
countdown.mp4,V6 Dynamic Boxing,482,64.3520
countdown.mp4,V6 Dynamic Boxing,483,66.5726
countdown.mp4,V6 Dynamic Boxing,484,71.7291
countdown.mp4,V6 Dynamic Boxing,485,66.2818
countdown.mp4,V6 Dynamic Boxing,486,65.1546
countdown.mp4,V6 Dynamic Boxing,487,67.2469
countdown.mp4,V6 Dynamic Boxing,488,66.9028
countdown.mp4,V6 Dynamic Boxing,489,74.1152
countdown.mp4,V6 Dynamic Boxing,490,72.1650
countdown.mp4,V6 Dynamic Boxing,491,68.7385
countdown.mp4,V6 Dynamic Boxing,492,73.7640
countdown.mp4,V6 Dynamic Boxing,493,69.9885
countdown.mp4,V6 Dynamic Boxing,494,73.9081
countdown.mp4,V6 Dynamic Boxing,495,77.8136
countdown.mp4,V6 Dynamic Boxing,496,77.5978
countdown.mp4,V6 Dynamic Boxing,497,77.5683
countdown.mp4,V6 Dynamic Boxing,498,77.2491
countdown.mp4,V6 Dynamic Boxing,499,77.6159
countdown.mp4,V6 Dynamic Boxing,500,77.6202
countdown.mp4,V6 Dynamic Boxing,501,76.5412
countdown.mp4,V6 Dynamic Boxing,502,78.1248
countdown.mp4,V6 Dynamic Boxing,503,77.5623
countdown.mp4,V6 Dynamic Boxing,504,79.9979
countdown.mp4,V6 Dynamic Boxing,505,79.6379
countdown.mp4,V6 Dynamic Boxing,506,79.1428
countdown.mp4,V6 Dynamic Boxing,507,80.8649
countdown.mp4,V6 Dynamic Boxing,508,81.5304
countdown.mp4,V6 Dynamic Boxing,509,83.9420
countdown.mp4,V6 Dynamic Boxing,510,83.4067
countdown.mp4,V6 Dynamic Boxing,511,80.0479
countdown.mp4,V6 Dynamic Boxing,512,79.5426
countdown.mp4,V6 Dynamic Boxing,513,80.5313
countdown.mp4,V6 Dynamic Boxing,514,81.0706
countdown.mp4,V6 Dynamic Boxing,515,81.9384
countdown.mp4,V6 Dynamic Boxing,516,84.2248
countdown.mp4,V6 Dynamic Boxing,517,84.2515
countdown.mp4,V6 Dynamic Boxing,518,83.6756
countdown.mp4,V6 Dynamic Boxing,519,84.8021
countdown.mp4,V6 Dynamic Boxing,520,84.1288
countdown.mp4,V6 Dynamic Boxing,521,84.9051
countdown.mp4,V6 Dynamic Boxing,522,84.3040
countdown.mp4,V6 Dynamic Boxing,523,85.9253
countdown.mp4,V6 Dynamic Boxing,524,85.2378
countdown.mp4,V6 Dynamic Boxing,525,84.8050
countdown.mp4,V6 Dynamic Boxing,526,83.3642
countdown.mp4,V6 Dynamic Boxing,527,84.3428
countdown.mp4,V6 Dynamic Boxing,528,86.0411
countdown.mp4,V6 Dynamic Boxing,529,86.7807
countdown.mp4,V6 Dynamic Boxing,530,86.2745
countdown.mp4,V6 Dynamic Boxing,531,88.9449
countdown.mp4,V6 Dynamic Boxing,532,90.2013
countdown.mp4,V6 Dynamic Boxing,533,89.0675
countdown.mp4,V6 Dynamic Boxing,534,90.0891
countdown.mp4,V6 Dynamic Boxing,535,90.5081
countdown.mp4,V6 Dynamic Boxing,536,89.9378
countdown.mp4,V6 Dynamic Boxing,537,91.1639
countdown.mp4,V6 Dynamic Boxing,538,95.4167
countdown.mp4,V6 Dynamic Boxing,539,95.0354
countdown.mp4,V6 Dynamic Boxing,540,94.2688
countdown.mp4,V6 Dynamic Boxing,541,93.2836
countdown.mp4,V6 Dynamic Boxing,542,92.6254
countdown.mp4,V6 Dynamic Boxing,543,93.0251
countdown.mp4,V6 Dynamic Boxing,544,92.3572
countdown.mp4,V6 Dynamic Boxing,545,94.5046
countdown.mp4,V6 Dynamic Boxing,546,91.8614
countdown.mp4,V6 Dynamic Boxing,547,89.8209
countdown.mp4,V6 Dynamic Boxing,548,89.2005
countdown.mp4,V6 Dynamic Boxing,549,90.3471
countdown.mp4,V6 Dynamic Boxing,550,92.4722
countdown.mp4,V6 Dynamic Boxing,551,93.3100
countdown.mp4,V6 Dynamic Boxing,552,97.3870
countdown.mp4,V6 Dynamic Boxing,553,98.1480
countdown.mp4,V6 Dynamic Boxing,554,97.6513
countdown.mp4,V6 Dynamic Boxing,555,96.3617
countdown.mp4,V6 Dynamic Boxing,556,97.9904
countdown.mp4,V6 Dynamic Boxing,557,97.8791
countdown.mp4,V6 Dynamic Boxing,558,99.6506
countdown.mp4,V6 Dynamic Boxing,559,102.1973
countdown.mp4,V6 Dynamic Boxing,560,101.6457
countdown.mp4,V6 Dynamic Boxing,561,100.6749
countdown.mp4,V6 Dynamic Boxing,562,100.0361
countdown.mp4,V6 Dynamic Boxing,563,98.8021
countdown.mp4,V6 Dynamic Boxing,564,99.2426
countdown.mp4,V6 Dynamic Boxing,565,98.1567
countdown.mp4,V6 Dynamic Boxing,566,97.6601
countdown.mp4,V6 Dynamic Boxing,567,99.3246
countdown.mp4,V6 Dynamic Boxing,568,98.3811
countdown.mp4,V6 Dynamic Boxing,569,95.8786
countdown.mp4,V6 Dynamic Boxing,570,97.1801
countdown.mp4,V6 Dynamic Boxing,571,99.1261
countdown.mp4,V6 Dynamic Boxing,572,98.7608
countdown.mp4,V6 Dynamic Boxing,573,99.6714
countdown.mp4,V6 Dynamic Boxing,574,104.2059
countdown.mp4,V6 Dynamic Boxing,575,105.6510
countdown.mp4,V6 Dynamic Boxing,576,108.0259
countdown.mp4,V6 Dynamic Boxing,577,108.9450
countdown.mp4,V6 Dynamic Boxing,578,108.5509
countdown.mp4,V6 Dynamic Boxing,579,108.5315
countdown.mp4,V6 Dynamic Boxing,580,109.5544
countdown.mp4,V6 Dynamic Boxing,581,112.0529
countdown.mp4,V6 Dynamic Boxing,582,110.5360
countdown.mp4,V6 Dynamic Boxing,583,106.8192
countdown.mp4,V6 Dynamic Boxing,584,106.1049
countdown.mp4,V6 Dynamic Boxing,585,104.0782
countdown.mp4,V6 Dynamic Boxing,586,104.4104
countdown.mp4,V6 Dynamic Boxing,587,103.9943
countdown.mp4,V6 Dynamic Boxing,588,105.8120
countdown.mp4,V6 Dynamic Boxing,589,104.8023
countdown.mp4,V6 Dynamic Boxing,590,104.1987
countdown.mp4,V6 Dynamic Boxing,591,102.6053
countdown.mp4,V6 Dynamic Boxing,592,104.0748
countdown.mp4,V6 Dynamic Boxing,593,106.4639
countdown.mp4,V6 Dynamic Boxing,594,107.4703
countdown.mp4,V6 Dynamic Boxing,595,112.3646
countdown.mp4,V6 Dynamic Boxing,596,111.6705
countdown.mp4,V6 Dynamic Boxing,597,112.0617
countdown.mp4,V6 Dynamic Boxing,598,109.9529
countdown.mp4,V6 Dynamic Boxing,599,111.4156
countdown.mp4,V6 Dynamic Boxing,600,112.0835
countdown.mp4,V6 Dynamic Boxing,601,113.0561
countdown.mp4,V6 Dynamic Boxing,602,112.5744
countdown.mp4,V6 Dynamic Boxing,603,113.9506
countdown.mp4,V6 Dynamic Boxing,604,112.6813
countdown.mp4,V6 Dynamic Boxing,605,112.5092
countdown.mp4,V6 Dynamic Boxing,606,110.1330
countdown.mp4,V6 Dynamic Boxing,607,110.0120
countdown.mp4,V6 Dynamic Boxing,608,109.4905
countdown.mp4,V6 Dynamic Boxing,609,109.0869
countdown.mp4,V6 Dynamic Boxing,610,112.3203
countdown.mp4,V6 Dynamic Boxing,611,111.8574
countdown.mp4,V6 Dynamic Boxing,612,108.4851
countdown.mp4,V6 Dynamic Boxing,613,110.3516
countdown.mp4,V6 Dynamic Boxing,614,109.8746
countdown.mp4,V6 Dynamic Boxing,615,112.4272
countdown.mp4,V6 Dynamic Boxing,616,112.9290
countdown.mp4,V6 Dynamic Boxing,617,118.2923
countdown.mp4,V6 Dynamic Boxing,618,116.8189
countdown.mp4,V6 Dynamic Boxing,619,114.4124
countdown.mp4,V6 Dynamic Boxing,620,113.8849
countdown.mp4,V6 Dynamic Boxing,621,115.3402
countdown.mp4,V6 Dynamic Boxing,622,115.2525
countdown.mp4,V6 Dynamic Boxing,623,117.0738
countdown.mp4,V6 Dynamic Boxing,624,119.2452
countdown.mp4,V6 Dynamic Boxing,625,117.6438
countdown.mp4,V6 Dynamic Boxing,626,116.9779
countdown.mp4,V6 Dynamic Boxing,627,116.4204
countdown.mp4,V6 Dynamic Boxing,628,113.9572
countdown.mp4,V6 Dynamic Boxing,629,115.0496
countdown.mp4,V6 Dynamic Boxing,630,114.2424
countdown.mp4,V6 Dynamic Boxing,631,116.1420
countdown.mp4,V6 Dynamic Boxing,632,115.5172
countdown.mp4,V6 Dynamic Boxing,633,113.9013
countdown.mp4,V6 Dynamic Boxing,634,110.4568
countdown.mp4,V6 Dynamic Boxing,635,112.5056
countdown.mp4,V6 Dynamic Boxing,636,115.0956
countdown.mp4,V6 Dynamic Boxing,637,115.4765
countdown.mp4,V6 Dynamic Boxing,638,115.0029
countdown.mp4,V6 Dynamic Boxing,639,120.3787
countdown.mp4,V6 Dynamic Boxing,640,121.1006
countdown.mp4,V6 Dynamic Boxing,641,118.7168
countdown.mp4,V6 Dynamic Boxing,642,119.9434
countdown.mp4,V6 Dynamic Boxing,643,119.8706
countdown.mp4,V6 Dynamic Boxing,644,119.3371
countdown.mp4,V6 Dynamic Boxing,645,120.6141
countdown.mp4,V6 Dynamic Boxing,646,122.9782
countdown.mp4,V6 Dynamic Boxing,647,120.9815
countdown.mp4,V6 Dynamic Boxing,648,124.1330
countdown.mp4,V6 Dynamic Boxing,649,121.6288
countdown.mp4,V6 Dynamic Boxing,650,120.9997
countdown.mp4,V6 Dynamic Boxing,651,120.5982
countdown.mp4,V6 Dynamic Boxing,652,120.4727
countdown.mp4,V6 Dynamic Boxing,653,122.7272
countdown.mp4,V6 Dynamic Boxing,654,121.0186
countdown.mp4,V6 Dynamic Boxing,655,113.6626
countdown.mp4,V6 Dynamic Boxing,656,113.1004
countdown.mp4,V6 Dynamic Boxing,657,115.0593
countdown.mp4,V6 Dynamic Boxing,658,117.8276
countdown.mp4,V6 Dynamic Boxing,659,118.7114
countdown.mp4,V6 Dynamic Boxing,660,124.1497
countdown.mp4,V6 Dynamic Boxing,661,124.7914
countdown.mp4,V6 Dynamic Boxing,662,124.2855
countdown.mp4,V6 Dynamic Boxing,663,123.1533
countdown.mp4,V6 Dynamic Boxing,664,124.3889
countdown.mp4,V6 Dynamic Boxing,665,124.6003
countdown.mp4,V6 Dynamic Boxing,666,126.0740
countdown.mp4,V6 Dynamic Boxing,667,128.5536
countdown.mp4,V6 Dynamic Boxing,668,127.9969
countdown.mp4,V6 Dynamic Boxing,669,125.7312
countdown.mp4,V6 Dynamic Boxing,670,124.9146
countdown.mp4,V6 Dynamic Boxing,671,122.5130
countdown.mp4,V6 Dynamic Boxing,672,121.9074
countdown.mp4,V6 Dynamic Boxing,673,121.4109
countdown.mp4,V6 Dynamic Boxing,674,120.8499
countdown.mp4,V6 Dynamic Boxing,675,121.7338
countdown.mp4,V6 Dynamic Boxing,676,120.3838
countdown.mp4,V6 Dynamic Boxing,677,116.9335
countdown.mp4,V6 Dynamic Boxing,678,118.9272
countdown.mp4,V6 Dynamic Boxing,679,121.3239
countdown.mp4,V6 Dynamic Boxing,680,120.8605
countdown.mp4,V6 Dynamic Boxing,681,121.3974
countdown.mp4,V6 Dynamic Boxing,682,128.7343
countdown.mp4,V6 Dynamic Boxing,683,129.6249
countdown.mp4,V6 Dynamic Boxing,684,127.7311
countdown.mp4,V6 Dynamic Boxing,685,129.0649
countdown.mp4,V6 Dynamic Boxing,686,128.7381
countdown.mp4,V6 Dynamic Boxing,687,128.2092
countdown.mp4,V6 Dynamic Boxing,688,129.8309
countdown.mp4,V6 Dynamic Boxing,689,132.5102
countdown.mp4,V6 Dynamic Boxing,690,126.9618
countdown.mp4,V6 Dynamic Boxing,691,125.9386
countdown.mp4,V6 Dynamic Boxing,692,125.4195
countdown.mp4,V6 Dynamic Boxing,693,122.3652
countdown.mp4,V6 Dynamic Boxing,694,122.2919
countdown.mp4,V6 Dynamic Boxing,695,122.6139
countdown.mp4,V6 Dynamic Boxing,696,124.2853
countdown.mp4,V6 Dynamic Boxing,697,123.6217
countdown.mp4,V6 Dynamic Boxing,698,122.7765
countdown.mp4,V6 Dynamic Boxing,699,118.9892
countdown.mp4,V6 Dynamic Boxing,700,121.3540
countdown.mp4,V6 Dynamic Boxing,701,124.2506
countdown.mp4,V6 Dynamic Boxing,702,124.7286
countdown.mp4,V6 Dynamic Boxing,703,130.5965
countdown.mp4,V6 Dynamic Boxing,704,130.0261
countdown.mp4,V6 Dynamic Boxing,705,130.0831
countdown.mp4,V6 Dynamic Boxing,706,127.7002
countdown.mp4,V6 Dynamic Boxing,707,129.5397
countdown.mp4,V6 Dynamic Boxing,708,129.1991
countdown.mp4,V6 Dynamic Boxing,709,130.0865
countdown.mp4,V6 Dynamic Boxing,710,129.5342
countdown.mp4,V6 Dynamic Boxing,711,131.6858
countdown.mp4,V6 Dynamic Boxing,712,128.8674
countdown.mp4,V6 Dynamic Boxing,713,128.5847
countdown.mp4,V6 Dynamic Boxing,714,125.7656
countdown.mp4,V6 Dynamic Boxing,715,125.4076
countdown.mp4,V6 Dynamic Boxing,716,124.8782
countdown.mp4,V6 Dynamic Boxing,717,124.1125
countdown.mp4,V6 Dynamic Boxing,718,125.7141
countdown.mp4,V6 Dynamic Boxing,719,124.7122
countdown.mp4,V6 Dynamic Boxing,720,124.9158
countdown.mp4,V6 Dynamic Boxing,721,127.2423
countdown.mp4,V6 Dynamic Boxing,722,126.6192
countdown.mp4,V6 Dynamic Boxing,723,129.4338
countdown.mp4,V6 Dynamic Boxing,724,129.7704
countdown.mp4,V6 Dynamic Boxing,725,135.6988
countdown.mp4,V6 Dynamic Boxing,726,136.1887
countdown.mp4,V6 Dynamic Boxing,727,130.6535
countdown.mp4,V6 Dynamic Boxing,728,129.9089
countdown.mp4,V6 Dynamic Boxing,729,130.6938
countdown.mp4,V6 Dynamic Boxing,730,130.0600
countdown.mp4,V6 Dynamic Boxing,731,132.1257
countdown.mp4,V6 Dynamic Boxing,732,133.9285
countdown.mp4,V6 Dynamic Boxing,733,130.3790
countdown.mp4,V6 Dynamic Boxing,734,129.9478
countdown.mp4,V6 Dynamic Boxing,735,131.2393
countdown.mp4,V6 Dynamic Boxing,736,127.8255
countdown.mp4,V6 Dynamic Boxing,737,128.0703
countdown.mp4,V6 Dynamic Boxing,738,127.4262
countdown.mp4,V6 Dynamic Boxing,739,129.3752
countdown.mp4,V6 Dynamic Boxing,740,128.6947
countdown.mp4,V6 Dynamic Boxing,741,126.9787
countdown.mp4,V6 Dynamic Boxing,742,123.2168
countdown.mp4,V6 Dynamic Boxing,743,126.2471
countdown.mp4,V6 Dynamic Boxing,744,129.0337
countdown.mp4,V6 Dynamic Boxing,745,129.6779
countdown.mp4,V6 Dynamic Boxing,746,129.1149
countdown.mp4,V6 Dynamic Boxing,747,134.2771
countdown.mp4,V6 Dynamic Boxing,748,135.2507
countdown.mp4,V6 Dynamic Boxing,749,133.0443
countdown.mp4,V6 Dynamic Boxing,750,133.6682
countdown.mp4,V6 Dynamic Boxing,751,132.3165
countdown.mp4,V6 Dynamic Boxing,752,131.6782
countdown.mp4,V6 Dynamic Boxing,753,133.3797
countdown.mp4,V6 Dynamic Boxing,754,136.3826
